"Year","Month","Day","DayOfWeek","Flights","Cancelled","Diverted","Delayed","Taxi"
2008,1,1,2,108,4,0,34,1102
2008,1,2,3,118,1,0,34,1231
2008,1,3,4,117,1,1,31,1162
2008,1,4,5,117,0,0,10,1362
2008,1,5,6,106,0,1,13,1207
2008,1,6,7,112,0,0,23,1415
2008,1,7,1,115,1,0,9,1446
2008,1,8,2,121,0,0,17,1669
2008,1,9,3,110,1,0,10,1256
2008,1,10,4,115,0,0,22,1568
2008,1,11,5,114,0,0,10,1079
2008,1,12,6,98,1,0,4,881
2008,1,13,7,105,1,0,6,922
2008,1,14,1,113,1,0,8,1097
2008,1,15,2,109,0,0,5,1094
2008,1,16,3,110,3,0,13,1196
2008,1,17,4,114,3,0,34,1011
2008,1,18,5,114,1,0,32,1142
2008,1,19,6,95,5,0,28,915
2008,1,20,7,103,0,0,10,1094
2008,1,21,1,115,2,0,16,1438
2008,1,22,2,109,1,0,11,1303
2008,1,23,3,112,1,0,15,1325
2008,1,24,4,115,0,0,20,1270
2008,1,25,5,121,1,0,16,1342
2008,1,26,6,97,3,0,13,909
2008,1,27,7,113,2,0,21,1153
2008,1,28,1,115,1,0,11,1527
2008,1,29,2,111,1,1,11,1353
2008,1,30,3,112,1,0,12,1149
2008,1,31,4,119,1,0,71,1773
2008,2,1,5,123,2,1,51,1270
2008,2,2,6,108,0,0,15,1159
2008,2,3,7,113,1,0,13,1288
2008,2,4,1,117,1,2,35,1499
2008,2,5,2,113,0,1,22,1459
2008,2,6,3,126,2,1,46,1228
2008,2,7,4,117,0,0,25,1143
2008,2,8,5,121,0,0,26,1237
2008,2,9,6,101,0,0,12,1004
2008,2,10,7,113,1,1,19,1183
2008,2,11,1,117,2,0,19,1216
2008,2,12,2,112,2,0,39,1439
2008,2,13,3,115,5,1,31,1091
2008,2,14,4,119,2,0,18,1307
2008,2,15,5,119,0,0,20,1518
2008,2,16,6,104,4,1,10,1094
2008,2,17,7,109,3,0,31,1249
2008,2,18,1,120,1,0,28,1177
2008,2,19,2,117,0,0,18,1262
2008,2,20,3,118,0,0,19,1255
2008,2,21,4,119,1,0,39,1357
2008,2,22,5,119,5,0,43,1221
2008,2,23,6,102,2,0,12,998
2008,2,24,7,111,1,0,14,1153
2008,2,25,1,119,0,0,26,1503
2008,2,26,2,117,2,1,30,1373
2008,2,27,3,108,1,0,10,1061
2008,2,28,4,109,3,1,7,1234
2008,2,29,5,109,1,0,26,1399
2008,3,1,6,102,0,0,7,1028
2008,3,2,7,108,0,0,16,1109
2008,3,3,1,118,3,0,34,1379
2008,3,4,2,118,2,0,21,1248
2008,3,5,3,119,1,0,17,1263
2008,3,6,4,118,4,0,21,1266
2008,3,7,5,118,1,0,63,1161
2008,3,8,6,111,4,0,34,1227
2008,3,9,7,113,2,0,35,1225
2008,3,10,1,119,1,1,29,1545
2008,3,11,2,119,1,1,13,1132
2008,3,12,3,120,1,1,26,1129
2008,3,13,4,119,0,0,19,1303
2008,3,14,5,118,0,0,24,1217
2008,3,15,6,113,0,1,38,1192
2008,3,16,7,112,0,0,22,1180
2008,3,17,1,118,0,0,26,1367
2008,3,18,2,118,9,5,38,1475
2008,3,19,3,119,2,0,57,1475
2008,3,20,4,118,1,0,25,1210
2008,3,21,5,117,2,1,25,1313
2008,3,22,6,111,1,0,19,1008
2008,3,23,7,111,0,0,16,1011
2008,3,24,1,118,1,0,15,1114
2008,3,25,2,118,2,0,10,1380
2008,3,26,3,119,5,0,15,1245
2008,3,27,4,118,4,0,13,1439
2008,3,28,5,118,0,0,27,1376
2008,3,29,6,110,0,0,19,1235
2008,3,30,7,112,0,0,30,1394
2008,3,31,1,118,1,1,29,1651
2008,4,1,2,116,0,1,26,1514
2008,4,2,3,118,0,1,19,1257
2008,4,3,4,118,1,0,23,1436
2008,4,4,5,119,3,0,55,1547
2008,4,5,6,110,2,0,31,1055
2008,4,6,7,112,0,0,25,1216
2008,4,7,1,118,1,0,10,1357
2008,4,8,2,114,2,0,15,1288
2008,4,9,3,116,8,0,14,1377
2008,4,10,4,116,7,0,33,1416
2008,4,11,5,116,6,1,25,1172
2008,4,12,6,108,2,1,18,1017
2008,4,13,7,107,0,0,22,912
2008,4,14,1,117,0,0,11,1201
2008,4,15,2,115,0,0,8,982
2008,4,16,3,115,0,0,8,1430
2008,4,17,4,115,0,0,11,1391
2008,4,18,5,116,2,0,23,1286
2008,4,19,6,108,2,0,14,1128
2008,4,20,7,108,1,0,13,1128
2008,4,21,1,116,1,0,10,1321
2008,4,22,2,114,0,0,9,1229
2008,4,23,3,115,0,1,17,1213
2008,4,24,4,116,0,0,12,1341
2008,4,25,5,116,1,0,19,1486
2008,4,26,6,110,0,0,19,1340
2008,4,27,7,112,0,0,13,1186
2008,4,28,1,116,0,0,19,1172
2008,4,29,2,114,0,0,8,1029
2008,4,30,3,115,0,0,12,1341
2008,5,1,4,117,0,0,12,1244
2008,5,2,5,120,0,0,37,1467
2008,5,3,6,110,1,0,27,1244
2008,5,4,7,113,0,0,11,1082
2008,5,5,1,121,0,0,18,1284
2008,5,6,2,118,0,0,14,1419
2008,5,7,3,117,0,0,21,1427
2008,5,8,4,119,1,0,17,1189
2008,5,9,5,120,1,0,17,1121
2008,5,10,6,109,0,0,6,1081
2008,5,11,7,109,0,0,14,960
2008,5,12,1,121,0,0,23,1349
2008,5,13,2,112,0,0,11,1363
2008,5,14,3,118,0,0,24,1408
2008,5,15,4,120,0,0,35,1260
2008,5,16,5,120,0,0,32,1197
2008,5,17,6,109,0,0,12,986
2008,5,18,7,108,0,0,24,1054
2008,5,19,1,120,0,0,24,1068
2008,5,20,2,118,1,0,25,1128
2008,5,21,3,116,0,0,14,1131
2008,5,22,4,119,0,0,46,1716
2008,5,23,5,120,0,0,19,1378
2008,5,24,6,107,0,0,10,1117
2008,5,25,7,94,0,1,6,986
2008,5,26,1,111,1,0,13,1300
2008,5,27,2,116,4,1,21,1281
2008,5,28,3,119,0,0,15,1416
2008,5,29,4,119,0,0,4,1125
2008,5,30,5,120,0,0,14,1298
2008,5,31,6,109,0,1,15,1131
2008,6,1,7,108,0,0,11,1127
2008,6,2,1,120,0,0,3,1174
2008,6,3,2,114,0,1,13,1233
2008,6,4,3,115,0,0,20,1420
2008,6,5,4,115,3,1,26,1391
2008,6,6,5,113,0,0,22,1443
2008,6,7,6,101,1,0,11,1121
2008,6,8,7,101,0,1,23,1189
2008,6,9,1,112,0,1,27,1264
2008,6,10,2,108,1,0,22,1241
2008,6,11,3,111,1,1,19,1243
2008,6,12,4,114,0,1,21,1448
2008,6,13,5,114,1,0,34,1412
2008,6,14,6,102,0,0,26,1055
2008,6,15,7,103,0,1,30,1110
2008,6,16,1,113,1,0,24,1186
2008,6,17,2,109,1,0,30,1199
2008,6,18,3,112,0,2,11,1201
2008,6,19,4,114,2,0,34,1309
2008,6,20,5,114,2,1,24,1411
2008,6,21,6,101,1,2,24,1245
2008,6,22,7,102,1,0,22,935
2008,6,23,1,112,1,1,21,1312
2008,6,24,2,108,0,1,18,1433
2008,6,25,3,111,0,2,26,1349
2008,6,26,4,113,3,1,31,1511
2008,6,27,5,113,0,0,27,1278
2008,6,28,6,101,0,0,24,1208
2008,6,29,7,102,1,1,29,1210
2008,6,30,1,112,1,1,24,1242
2008,7,1,2,108,0,0,2,1094
2008,7,2,3,113,0,0,13,1439
2008,7,3,4,112,0,0,19,1302
2008,7,4,5,90,2,1,5,838
2008,7,5,6,97,1,0,9,1072
2008,7,6,7,102,1,2,29,1139
2008,7,7,1,114,0,0,34,1476
2008,7,8,2,108,0,3,37,1525
2008,7,9,3,110,1,0,23,1324
2008,7,10,4,111,2,1,17,1094
2008,7,11,5,111,1,1,16,1015
2008,7,12,6,101,1,2,19,1015
2008,7,13,7,100,3,2,25,1136
2008,7,14,1,110,0,0,31,1151
2008,7,15,2,107,0,0,18,1157
2008,7,16,3,111,0,0,13,1089
2008,7,17,4,111,0,0,11,1215
2008,7,18,5,111,0,0,14,1062
2008,7,19,6,101,0,0,21,1120
2008,7,20,7,99,0,1,10,988
2008,7,21,1,110,0,1,14,1199
2008,7,22,2,107,0,1,19,1252
2008,7,23,3,111,1,1,30,1266
2008,7,24,4,111,5,0,30,1290
2008,7,25,5,111,1,0,24,985
2008,7,26,6,101,1,0,28,967
2008,7,27,7,100,2,2,18,1165
2008,7,28,1,110,1,0,16,1178
2008,7,29,2,107,2,1,17,1127
2008,7,30,3,111,1,1,14,1134
2008,7,31,4,111,2,0,22,1283
2008,8,1,5,111,0,0,23,1132
2008,8,2,6,101,2,0,21,955
2008,8,3,7,100,1,0,14,1009
2008,8,4,1,110,1,0,13,1258
2008,8,5,2,108,3,1,23,1153
2008,8,6,3,112,0,1,16,1232
2008,8,7,4,112,0,0,17,1032
2008,8,8,5,112,0,0,11,1033
2008,8,9,6,102,0,0,13,970
2008,8,10,7,101,1,1,23,906
2008,8,11,1,111,3,1,18,1474
2008,8,12,2,107,1,0,22,995
2008,8,13,3,112,1,0,20,1142
2008,8,14,4,112,0,0,15,1235
2008,8,15,5,112,3,2,27,1363
2008,8,16,6,94,3,2,24,1173
2008,8,17,7,93,0,0,9,892
2008,8,18,1,111,2,0,5,1217
2008,8,19,2,105,1,2,3,1218
2008,8,20,3,110,2,0,23,1277
2008,8,21,4,111,1,1,20,1536
2008,8,22,5,110,1,1,13,1087
2008,8,23,6,91,0,1,8,874
2008,8,24,7,99,0,0,21,1024
2008,8,25,1,110,3,0,15,996
2008,8,26,2,106,1,0,16,1278
2008,8,27,3,110,1,0,7,994
2008,8,28,4,111,0,0,8,1137
2008,8,29,5,111,1,0,24,1271
2008,8,30,6,83,0,0,19,944
2008,8,31,7,73,11,1,8,745
2008,9,1,1,95,95,0,0,0
2008,9,2,2,100,100,0,0,0
2008,9,3,3,97,97,0,0,0
2008,9,4,4,100,36,0,14,672
2008,9,5,5,100,14,0,3,852
2008,9,6,6,77,8,0,3,805
2008,9,7,7,93,4,0,1,797
2008,9,8,1,100,5,0,7,1100
2008,9,9,2,95,1,1,9,983
2008,9,10,3,97,2,0,6,1016
2008,9,11,4,99,0,0,11,1309
2008,9,12,5,99,28,0,34,1028
2008,9,13,6,77,17,0,8,725
2008,9,14,7,93,20,0,8,809
2008,9,15,1,100,15,0,12,829
2008,9,16,2,95,7,0,2,769
2008,9,17,3,97,7,0,4,826
2008,9,18,4,99,6,0,6,1043
2008,9,19,5,99,1,1,6,961
2008,9,20,6,77,0,0,5,785
2008,9,21,7,94,0,0,6,849
2008,9,22,1,100,1,0,4,1084
2008,9,23,2,95,0,0,3,882
2008,9,24,3,97,0,0,2,880
2008,9,25,4,99,0,0,9,995
2008,9,26,5,100,0,0,12,1320
2008,9,27,6,77,0,0,6,736
2008,9,28,7,95,0,1,12,940
2008,9,29,1,100,0,0,7,941
2008,9,30,2,95,0,0,2,851
2008,10,1,3,98,0,0,3,885
2008,10,2,4,102,0,0,7,1086
2008,10,3,5,103,1,0,3,1047
2008,10,4,6,83,0,0,5,824
2008,10,5,7,97,0,0,11,1087
2008,10,6,1,104,1,0,11,1321
2008,10,7,2,100,0,0,20,1204
2008,10,8,3,102,0,0,11,1248
2008,10,9,4,104,0,0,13,1004
2008,10,10,5,103,0,0,13,939
2008,10,11,6,84,0,0,8,801
2008,10,12,7,98,0,0,10,960
2008,10,13,1,105,0,0,7,1174
2008,10,14,2,100,0,0,5,1124
2008,10,15,3,102,0,1,16,1158
2008,10,16,4,105,0,0,17,1284
2008,10,17,5,105,0,0,18,1015
2008,10,18,6,84,0,0,3,780
2008,10,19,7,98,0,0,5,899
2008,10,20,1,105,0,0,6,944
2008,10,21,2,101,0,0,7,1087
2008,10,22,3,102,0,0,11,1205
2008,10,23,4,106,0,0,18,994
2008,10,24,5,105,0,0,25,1173
2008,10,25,6,84,0,0,8,796
2008,10,26,7,98,0,0,18,984
2008,10,27,1,105,0,0,21,1051
2008,10,28,2,101,1,0,10,1029
2008,10,29,3,102,0,0,7,1058
2008,10,30,4,105,0,0,5,1028
2008,10,31,5,105,0,0,9,971
2008,11,1,6,83,0,0,7,786
2008,11,2,7,102,0,0,12,934
2008,11,3,1,110,0,0,4,1075
2008,11,4,2,105,1,0,4,978
2008,11,5,3,107,0,0,7,1274
2008,11,6,4,110,1,1,15,1377
2008,11,7,5,110,0,0,24,1254
2008,11,8,6,93,0,0,8,863
2008,11,9,7,105,0,0,11,1004
2008,11,10,1,110,1,0,4,1202
2008,11,11,2,105,1,0,15,1208
2008,11,12,3,108,0,0,11,1216
2008,11,13,4,110,1,0,23,1297
2008,11,14,5,110,0,0,23,1542
2008,11,15,6,91,1,0,9,899
2008,11,16,7,104,0,0,11,1031
2008,11,17,1,110,0,0,8,1109
2008,11,18,2,105,1,0,8,976
2008,11,19,3,107,0,0,11,1463
2008,11,20,4,110,0,0,7,1133
2008,11,21,5,110,0,0,15,1001
2008,11,22,6,92,0,0,9,889
2008,11,23,7,104,1,0,8,1047
2008,11,24,1,108,1,0,11,1143
2008,11,25,2,108,0,0,6,1146
2008,11,26,3,110,0,0,4,1175
2008,11,27,4,69,0,0,4,627
2008,11,28,5,90,0,0,8,867
2008,11,29,6,97,0,0,30,1013
2008,11,30,7,108,1,0,50,1518
2008,12,1,1,110,0,0,50,1219
2008,12,2,2,106,1,0,14,1233
2008,12,3,3,105,1,0,7,1126
2008,12,4,4,109,1,0,14,1019
2008,12,5,5,109,0,0,10,972
2008,12,6,6,91,1,0,5,895
2008,12,7,7,103,0,0,15,1054
2008,12,8,1,109,0,0,5,1150
2008,12,9,2,104,2,1,10,1198
2008,12,10,3,105,1,0,33,1316
2008,12,11,4,109,22,0,40,1582
2008,12,12,5,109,1,0,15,1048
2008,12,13,6,90,1,0,6,952
2008,12,14,7,103,0,0,18,1127
2008,12,15,1,109,5,0,16,1348
2008,12,16,2,103,4,0,25,981
2008,12,17,3,106,5,3,42,1295
2008,12,18,4,108,4,0,37,1239
2008,12,19,5,108,3,0,32,1278
2008,12,20,6,91,1,1,34,1004
2008,12,21,7,102,4,0,40,1029
2008,12,22,1,108,2,0,41,1030
2008,12,23,2,109,2,0,34,1318
2008,12,24,3,85,3,0,20,886
2008,12,25,4,80,0,0,9,977
2008,12,26,5,108,3,3,30,1264
2008,12,27,6,95,1,0,39,1289
2008,12,28,7,104,1,0,30,1032
2008,12,29,1,110,0,0,13,1077
2008,12,30,2,110,0,0,12,1318
2008,12,31,3,89,1,0,12,809
2007,1,1,1,84,0,0,29,880
2007,1,2,2,93,0,0,17,858
2007,1,3,3,92,0,0,15,863
2007,1,4,4,94,0,0,30,1135
2007,1,5,5,94,0,0,31,980
2007,1,6,6,80,0,0,18,906
2007,1,7,7,88,1,0,23,937
2007,1,8,1,92,1,0,15,786
2007,1,9,2,89,0,0,6,810
2007,1,10,3,90,0,0,7,863
2007,1,11,4,93,0,0,8,957
2007,1,12,5,93,1,1,12,1238
2007,1,13,6,77,2,0,11,895
2007,1,14,7,89,2,0,19,1046
2007,1,15,1,92,1,0,40,1098
2007,1,16,2,90,2,0,15,929
2007,1,17,3,90,4,0,16,714
2007,1,18,4,93,3,0,14,1039
2007,1,19,5,93,0,0,26,900
2007,1,20,6,77,1,0,8,875
2007,1,21,7,89,0,0,24,892
2007,1,22,1,92,0,0,34,857
2007,1,23,2,90,0,0,8,797
2007,1,24,3,90,0,0,2,873
2007,1,25,4,93,0,0,20,804
2007,1,26,5,93,0,0,12,869
2007,1,27,6,77,0,0,13,804
2007,1,28,7,89,0,0,12,768
2007,1,29,1,92,0,0,10,979
2007,1,30,2,90,0,0,8,833
2007,1,31,3,90,0,0,14,862
2007,2,1,4,95,6,0,30,866
2007,2,2,5,94,1,0,33,837
2007,2,3,6,78,0,0,15,722
2007,2,4,7,88,0,0,20,818
2007,2,5,1,92,0,0,18,860
2007,2,6,2,90,2,0,5,911
2007,2,7,3,91,0,0,11,865
2007,2,8,4,97,0,0,11,1026
2007,2,9,5,97,0,0,20,942
2007,2,10,6,79,0,0,7,743
2007,2,11,7,92,0,0,7,826
2007,2,12,1,94,2,1,16,1194
2007,2,13,2,90,7,0,14,813
2007,2,14,3,93,10,0,24,719
2007,2,15,4,98,3,0,49,972
2007,2,16,5,101,0,0,37,1061
2007,2,17,6,89,0,0,24,904
2007,2,18,7,97,0,1,14,912
2007,2,19,1,100,1,0,11,1104
2007,2,20,2,96,1,0,9,946
2007,2,21,3,102,0,0,16,1078
2007,2,22,4,100,1,0,27,1341
2007,2,23,5,101,1,0,19,1369
2007,2,24,6,91,5,2,15,1047
2007,2,25,7,101,8,0,26,978
2007,2,26,1,98,1,0,23,1157
2007,2,27,2,96,0,0,22,1105
2007,2,28,3,97,0,1,17,1115
2007,3,1,4,103,2,1,42,1232
2007,3,2,5,100,3,0,29,970
2007,3,3,6,83,0,0,19,817
2007,3,4,7,94,0,0,11,925
2007,3,5,1,98,0,0,11,900
2007,3,6,2,98,1,0,4,1055
2007,3,7,3,98,2,0,17,1070
2007,3,8,4,99,0,0,10,970
2007,3,9,5,99,0,0,13,1046
2007,3,10,6,82,0,0,8,817
2007,3,11,7,96,0,0,16,1272
2007,3,12,1,98,1,0,25,1184
2007,3,13,2,98,1,0,18,1183
2007,3,14,3,98,1,1,25,1196
2007,3,15,4,98,1,0,24,1138
2007,3,16,5,98,12,1,20,912
2007,3,17,6,86,4,0,18,833
2007,3,18,7,96,1,0,15,1105
2007,3,19,1,98,1,0,9,1115
2007,3,20,2,98,0,0,7,1145
2007,3,21,3,98,1,0,8,1223
2007,3,22,4,99,0,0,21,1238
2007,3,23,5,101,0,0,14,1156
2007,3,24,6,87,0,0,12,990
2007,3,25,7,96,0,0,4,969
2007,3,26,1,98,0,0,10,1151
2007,3,27,2,102,0,0,8,1294
2007,3,28,3,100,0,1,12,1293
2007,3,29,4,98,3,1,19,1163
2007,3,30,5,98,3,0,17,1139
2007,3,31,6,86,2,0,28,1107
2007,4,1,7,96,1,0,16,1015
2007,4,2,1,98,0,0,13,984
2007,4,3,2,99,1,0,18,1199
2007,4,4,3,99,2,0,24,1055
2007,4,5,4,99,0,0,23,1100
2007,4,6,5,99,0,0,13,1032
2007,4,7,6,87,0,1,10,816
2007,4,8,7,95,1,0,5,900
2007,4,9,1,99,0,0,17,987
2007,4,10,2,95,1,0,22,980
2007,4,11,3,95,1,0,16,1011
2007,4,12,4,95,1,0,18,942
2007,4,13,5,95,1,0,20,1135
2007,4,14,6,85,1,0,24,935
2007,4,15,7,91,3,0,22,879
2007,4,16,1,95,1,0,18,982
2007,4,17,2,93,0,0,13,1044
2007,4,18,3,95,0,0,9,900
2007,4,19,4,94,1,0,11,980
2007,4,20,5,95,0,0,11,966
2007,4,21,6,85,1,1,9,917
2007,4,22,7,89,0,0,7,1050
2007,4,23,1,95,0,0,5,1042
2007,4,24,2,93,3,0,9,1181
2007,4,25,3,95,1,0,29,1170
2007,4,26,4,95,0,0,20,892
2007,4,27,5,95,0,0,29,994
2007,4,28,6,89,0,0,10,828
2007,4,29,7,92,1,0,8,882
2007,4,30,1,99,0,0,18,1140
2007,5,1,2,97,0,0,9,1147
2007,5,2,3,100,1,1,13,1118
2007,5,3,4,102,2,1,27,1183
2007,5,4,5,103,3,0,35,1493
2007,5,5,6,90,0,0,8,1060
2007,5,6,7,100,0,0,16,1159
2007,5,7,1,103,0,0,23,1401
2007,5,8,2,97,0,0,5,1096
2007,5,9,3,100,0,0,16,1004
2007,5,10,4,100,0,1,21,1087
2007,5,11,5,100,2,1,22,980
2007,5,12,6,91,0,1,8,979
2007,5,13,7,93,1,1,13,969
2007,5,14,1,107,0,0,20,1348
2007,5,15,2,104,1,0,21,1394
2007,5,16,3,107,1,1,23,1326
2007,5,17,4,107,0,0,11,1108
2007,5,18,5,107,0,0,22,1135
2007,5,19,6,97,0,0,6,932
2007,5,20,7,100,0,0,12,1063
2007,5,21,1,107,0,0,10,1307
2007,5,22,2,104,2,1,19,1463
2007,5,23,3,107,0,0,21,1527
2007,5,24,4,107,4,1,23,1436
2007,5,25,5,107,0,0,19,1424
2007,5,26,6,97,0,0,17,1120
2007,5,27,7,94,0,1,11,1077
2007,5,28,1,104,0,0,20,1277
2007,5,29,2,106,0,0,7,1298
2007,5,30,3,107,4,1,18,1297
2007,5,31,4,107,0,0,8,1234
2007,6,1,5,107,2,1,15,1542
2007,6,2,6,97,0,0,8,1015
2007,6,3,7,100,0,1,25,1071
2007,6,4,1,110,3,0,30,1328
2007,6,5,2,109,1,0,17,1154
2007,6,6,3,111,0,0,12,1204
2007,6,7,4,107,0,0,9,1204
2007,6,8,5,107,2,1,41,1386
2007,6,9,6,99,2,0,13,923
2007,6,10,7,101,0,1,10,1030
2007,6,11,1,107,1,0,24,1116
2007,6,12,2,107,1,0,17,1161
2007,6,13,3,107,0,2,27,1438
2007,6,14,4,107,0,0,25,1308
2007,6,15,5,107,1,0,23,1275
2007,6,16,6,99,1,0,32,1293
2007,6,17,7,101,4,1,29,1155
2007,6,18,1,108,3,0,27,1428
2007,6,19,2,107,0,2,24,1483
2007,6,20,3,107,2,0,28,1066
2007,6,21,4,108,0,1,22,1254
2007,6,22,5,107,3,0,11,1190
2007,6,23,6,100,0,0,4,954
2007,6,24,7,100,0,0,8,1151
2007,6,25,1,108,3,0,38,1575
2007,6,26,2,108,5,0,27,1185
2007,6,27,3,108,4,2,21,1256
2007,6,28,4,108,4,1,32,1464
2007,6,29,5,108,1,2,29,1598
2007,6,30,6,100,1,0,18,1053
2007,7,1,7,102,3,2,24,1074
2007,7,2,1,106,1,0,20,1422
2007,7,3,2,104,3,1,11,1096
2007,7,4,3,94,0,0,6,914
2007,7,5,4,102,2,0,13,1226
2007,7,6,5,107,2,0,22,1092
2007,7,7,6,100,2,0,12,882
2007,7,8,7,107,0,1,22,1128
2007,7,9,1,108,1,0,27,1239
2007,7,10,2,108,0,1,30,1517
2007,7,11,3,108,0,1,30,1088
2007,7,12,4,108,0,0,22,1169
2007,7,13,5,109,0,0,17,1006
2007,7,14,6,101,1,0,24,1061
2007,7,15,7,103,1,0,28,1120
2007,7,16,1,108,1,0,21,1293
2007,7,17,2,108,1,0,24,1346
2007,7,18,3,108,4,0,18,1125
2007,7,19,4,109,2,0,42,1320
2007,7,20,5,109,2,0,30,1237
2007,7,21,6,101,2,0,8,858
2007,7,22,7,102,0,2,16,1060
2007,7,23,1,108,1,0,13,1072
2007,7,24,2,108,1,0,11,1090
2007,7,25,3,108,0,0,12,1149
2007,7,26,4,109,1,0,36,1224
2007,7,27,5,109,0,0,33,1416
2007,7,28,6,101,2,0,16,1009
2007,7,29,7,102,1,4,31,1261
2007,7,30,1,107,1,0,34,1107
2007,7,31,2,108,3,0,33,1175
2007,8,1,3,106,1,0,25,1145
2007,8,2,4,108,0,0,18,1254
2007,8,3,5,108,0,0,16,1273
2007,8,4,6,100,4,0,16,955
2007,8,5,7,102,0,1,18,1031
2007,8,6,1,107,1,0,19,1036
2007,8,7,2,107,1,0,11,1020
2007,8,8,3,107,2,0,22,1017
2007,8,9,4,108,3,0,24,1103
2007,8,10,5,107,3,0,22,1070
2007,8,11,6,100,2,1,8,872
2007,8,12,7,102,1,0,11,1084
2007,8,13,1,107,0,0,17,1090
2007,8,14,2,107,2,0,13,1056
2007,8,15,3,107,0,0,15,1240
2007,8,16,4,108,4,1,29,1370
2007,8,17,5,108,4,1,21,1378
2007,8,18,6,100,2,1,19,1104
2007,8,19,7,102,2,0,12,1177
2007,8,20,1,106,1,0,18,1367
2007,8,21,2,105,2,2,14,1264
2007,8,22,3,106,6,0,9,1150
2007,8,23,4,108,4,1,13,1272
2007,8,24,5,108,2,0,26,1172
2007,8,25,6,99,2,0,19,1020
2007,8,26,7,99,1,1,15,1001
2007,8,27,1,107,2,0,15,1243
2007,8,28,2,104,2,0,6,1114
2007,8,29,3,106,5,1,17,1209
2007,8,30,4,108,1,0,28,1263
2007,8,31,5,108,0,0,21,1182
2007,9,1,6,89,0,0,7,865
2007,9,2,7,79,0,0,5,784
2007,9,3,1,100,0,1,19,940
2007,9,4,2,105,0,0,11,1305
2007,9,5,3,99,1,0,5,1139
2007,9,6,4,107,2,0,7,1259
2007,9,7,5,107,0,0,8,1136
2007,9,8,6,97,1,0,4,1075
2007,9,9,7,100,1,0,9,1149
2007,9,10,1,106,4,0,18,1177
2007,9,11,2,103,0,1,14,1138
2007,9,12,3,104,1,0,12,1133
2007,9,13,4,107,4,0,22,1260
2007,9,14,5,107,1,0,18,1092
2007,9,15,6,97,4,0,4,860
2007,9,16,7,100,0,1,3,968
2007,9,17,1,105,0,0,5,1017
2007,9,18,2,103,0,1,5,1184
2007,9,19,3,104,0,0,3,942
2007,9,20,4,107,0,1,7,1342
2007,9,21,5,107,0,0,10,1107
2007,9,22,6,97,0,0,6,906
2007,9,23,7,100,0,0,14,1151
2007,9,24,1,106,0,0,10,1135
2007,9,25,2,103,2,1,25,1287
2007,9,26,3,104,0,1,7,1116
2007,9,27,4,107,0,0,17,1159
2007,9,28,5,107,0,0,14,1061
2007,9,29,6,97,1,0,7,912
2007,9,30,7,102,0,0,12,1239
2007,10,1,1,107,0,0,3,1037
2007,10,2,2,106,0,0,10,1255
2007,10,3,3,107,0,0,6,1029
2007,10,4,4,108,0,0,11,1199
2007,10,5,5,109,1,0,18,1441
2007,10,6,6,100,0,0,9,1126
2007,10,7,7,108,0,0,11,1336
2007,10,8,1,109,0,1,17,1560
2007,10,9,2,108,1,0,13,1275
2007,10,10,3,109,0,0,14,1086
2007,10,11,4,113,0,1,13,1243
2007,10,12,5,110,0,0,16,1129
2007,10,13,6,101,0,0,5,1051
2007,10,14,7,108,0,0,4,1293
2007,10,15,1,109,3,0,25,1672
2007,10,16,2,108,2,0,10,1305
2007,10,17,3,109,0,1,22,1345
2007,10,18,4,110,0,0,20,1440
2007,10,19,5,110,1,1,27,1220
2007,10,20,6,100,0,0,5,944
2007,10,21,7,108,1,0,12,1221
2007,10,22,1,109,0,1,50,1710
2007,10,23,2,107,2,0,19,1313
2007,10,24,3,109,0,0,30,1268
2007,10,25,4,110,0,0,23,1268
2007,10,26,5,110,0,0,26,1164
2007,10,27,6,99,0,0,13,996
2007,10,28,7,111,0,0,16,1124
2007,10,29,1,111,0,0,13,1120
2007,10,30,2,110,1,0,5,1359
2007,10,31,3,109,0,0,2,950
2007,11,1,4,112,0,0,11,1087
2007,11,2,5,112,0,0,5,1094
2007,11,3,6,102,0,0,8,990
2007,11,4,7,118,2,0,6,1080
2007,11,5,1,120,1,1,11,1391
2007,11,6,2,120,0,0,10,1281
2007,11,7,3,120,1,0,10,1209
2007,11,8,4,121,0,0,16,1370
2007,11,9,5,120,0,0,16,1459
2007,11,10,6,107,1,0,3,1096
2007,11,11,7,116,0,0,10,1588
2007,11,12,1,119,0,0,5,1402
2007,11,13,2,118,0,0,21,2088
2007,11,14,3,118,0,0,24,1442
2007,11,15,4,118,0,0,14,1253
2007,11,16,5,118,0,0,9,1397
2007,11,17,6,104,0,0,13,1135
2007,11,18,7,115,0,0,17,1403
2007,11,19,1,116,0,0,24,1390
2007,11,20,2,120,0,0,19,1658
2007,11,21,3,120,0,0,24,1431
2007,11,22,4,85,0,0,11,711
2007,11,23,5,103,0,0,8,920
2007,11,24,6,104,0,0,18,1085
2007,11,25,7,122,0,0,37,1704
2007,11,26,1,121,1,0,40,1375
2007,11,27,2,118,0,0,12,1157
2007,11,28,3,116,0,0,6,1047
2007,11,29,4,117,0,0,5,1189
2007,11,30,5,117,3,1,14,1191
2007,12,1,6,99,2,0,10,977
2007,12,2,7,112,4,0,29,1140
2007,12,3,1,117,1,0,22,1225
2007,12,4,2,114,1,0,7,1253
2007,12,5,3,113,2,0,17,1003
2007,12,6,4,117,0,0,10,1173
2007,12,7,5,117,1,0,14,1437
2007,12,8,6,99,0,0,5,1116
2007,12,9,7,113,1,0,19,1451
2007,12,10,1,117,0,0,19,1443
2007,12,11,2,114,2,2,18,1575
2007,12,12,3,114,1,0,14,1362
2007,12,13,4,118,3,0,27,1353
2007,12,14,5,117,0,0,29,1395
2007,12,15,6,103,5,0,30,1073
2007,12,16,7,109,1,0,24,1147
2007,12,17,1,119,2,0,12,1098
2007,12,18,2,119,2,0,16,1377
2007,12,19,3,117,1,0,21,1383
2007,12,20,4,117,0,0,31,1514
2007,12,21,5,116,1,0,30,1510
2007,12,22,6,104,0,0,40,1189
2007,12,23,7,111,1,0,47,1293
2007,12,24,1,96,5,0,12,841
2007,12,25,2,91,2,0,8,829
2007,12,26,3,116,1,0,46,1601
2007,12,27,4,116,0,0,43,1187
2007,12,28,5,114,4,0,42,1223
2007,12,29,6,100,3,0,26,1012
2007,12,30,7,104,0,0,30,1054
2007,12,31,1,100,1,0,14,1232
2006,1,1,7,50,0,0,22,608
2006,1,2,1,55,2,0,26,597
2006,1,3,2,55,1,0,22,654
2006,1,4,3,58,0,0,12,602
2006,1,5,4,60,0,0,14,579
2006,1,6,5,60,0,0,7,551
2006,1,7,6,54,0,0,6,512
2006,1,8,7,57,0,0,4,571
2006,1,9,1,61,0,0,7,656
2006,1,10,2,61,1,0,3,599
2006,1,11,3,61,1,0,6,745
2006,1,12,4,64,1,0,10,888
2006,1,13,5,64,1,0,25,764
2006,1,14,6,55,0,1,8,558
2006,1,15,7,59,0,0,8,626
2006,1,16,1,64,0,0,10,788
2006,1,17,2,62,1,0,34,640
2006,1,18,3,62,0,0,12,657
2006,1,19,4,64,0,0,5,679
2006,1,20,5,64,1,0,8,693
2006,1,21,6,55,0,0,15,580
2006,1,22,7,59,0,0,19,788
2006,1,23,1,64,1,1,23,829
2006,1,24,2,62,0,0,7,589
2006,1,25,3,62,0,0,6,633
2006,1,26,4,64,0,0,7,628
2006,1,27,5,64,0,0,4,604
2006,1,28,6,55,0,0,7,598
2006,1,29,7,59,2,0,11,546
2006,1,30,1,64,1,0,17,702
2006,1,31,2,61,0,0,5,660
2006,2,1,3,62,0,0,6,653
2006,2,2,4,64,10,0,31,617
2006,2,3,5,65,1,0,19,865
2006,2,4,6,55,0,0,11,523
2006,2,5,7,60,1,0,4,694
2006,2,6,1,65,0,0,11,671
2006,2,7,2,63,0,0,6,600
2006,2,8,3,65,1,0,4,616
2006,2,9,4,67,0,0,7,623
2006,2,10,5,67,0,0,17,774
2006,2,11,6,57,6,0,10,519
2006,2,12,7,63,5,1,6,536
2006,2,13,1,67,2,0,7,654
2006,2,14,2,65,1,0,4,609
2006,2,15,3,68,0,0,10,752
2006,2,16,4,69,1,0,12,762
2006,2,17,5,69,0,0,23,699
2006,2,18,6,59,2,0,25,591
2006,2,19,7,66,1,0,24,714
2006,2,20,1,69,1,0,21,890
2006,2,21,2,68,1,0,14,860
2006,2,22,3,68,2,0,14,759
2006,2,23,4,70,0,0,25,776
2006,2,24,5,76,0,0,19,930
2006,2,25,6,65,0,0,19,707
2006,2,26,7,68,0,0,8,772
2006,2,27,1,69,0,0,11,843
2006,2,28,2,68,0,0,5,812
2006,3,1,3,75,0,0,8,924
2006,3,2,4,69,1,0,14,702
2006,3,3,5,75,0,1,15,734
2006,3,4,6,62,0,0,6,565
2006,3,5,7,67,0,0,8,893
2006,3,6,1,72,0,0,11,696
2006,3,7,2,69,0,1,5,790
2006,3,8,3,71,0,0,8,769
2006,3,9,4,72,1,0,30,876
2006,3,10,5,72,0,0,12,1003
2006,3,11,6,61,0,0,10,734
2006,3,12,7,67,0,0,10,848
2006,3,13,1,72,0,0,25,902
2006,3,14,2,70,0,0,11,780
2006,3,15,3,70,0,0,8,723
2006,3,16,4,71,0,0,12,883
2006,3,17,5,77,0,0,7,805
2006,3,18,6,66,1,0,10,629
2006,3,19,7,69,0,0,22,808
2006,3,20,1,73,0,1,40,1018
2006,3,21,2,73,0,0,17,752
2006,3,22,3,73,0,0,11,741
2006,3,23,4,74,0,0,18,784
2006,3,24,5,74,0,0,17,730
2006,3,25,6,65,0,0,1,570
2006,3,26,7,71,0,0,11,746
2006,3,27,1,74,0,0,3,841
2006,3,28,2,73,1,0,18,819
2006,3,29,3,73,0,0,6,846
2006,3,30,4,74,0,0,7,851
2006,3,31,5,74,1,0,13,818
2006,4,1,6,65,0,0,3,694
2006,4,2,7,70,0,1,14,696
2006,4,3,1,81,2,0,14,775
2006,4,4,2,77,0,0,6,758
2006,4,5,3,81,0,2,5,819
2006,4,6,4,81,0,0,16,923
2006,4,7,5,82,1,0,20,986
2006,4,8,6,74,0,0,13,648
2006,4,9,7,77,0,0,11,730
2006,4,10,1,82,0,0,3,841
2006,4,11,2,77,1,0,2,803
2006,4,12,3,81,0,0,4,907
2006,4,13,4,81,0,0,9,848
2006,4,14,5,82,0,0,7,870
2006,4,15,6,74,0,0,5,677
2006,4,16,7,77,0,0,5,726
2006,4,17,1,82,0,0,17,789
2006,4,18,2,81,0,1,2,1014
2006,4,19,3,81,1,0,16,785
2006,4,20,4,81,0,0,19,1042
2006,4,21,5,82,0,0,33,1001
2006,4,22,6,74,0,0,6,688
2006,4,23,7,77,0,0,8,835
2006,4,24,1,82,0,0,13,880
2006,4,25,2,77,0,0,13,846
2006,4,26,3,81,0,0,18,940
2006,4,27,4,81,0,0,10,808
2006,4,28,5,82,1,0,11,1005
2006,4,29,6,74,0,0,16,1538
2006,4,30,7,76,0,0,14,752
2006,5,1,1,81,1,0,7,918
2006,5,2,2,77,0,0,9,911
2006,5,3,3,81,1,0,7,833
2006,5,4,4,83,0,0,15,947
2006,5,5,5,84,0,0,20,918
2006,5,6,6,76,1,0,14,796
2006,5,7,7,83,0,1,19,951
2006,5,8,1,84,0,1,17,1027
2006,5,9,2,82,1,0,15,900
2006,5,10,3,83,0,0,24,938
2006,5,11,4,85,0,0,25,922
2006,5,12,5,86,1,0,25,892
2006,5,13,6,77,0,0,5,748
2006,5,14,7,83,0,1,26,873
2006,5,15,1,85,2,2,24,864
2006,5,16,2,82,0,0,9,786
2006,5,17,3,83,0,0,13,796
2006,5,18,4,85,0,0,11,822
2006,5,19,5,86,0,0,6,859
2006,5,20,6,77,0,0,6,728
2006,5,21,7,83,1,0,7,858
2006,5,22,1,85,0,0,8,954
2006,5,23,2,82,0,0,6,920
2006,5,24,3,83,1,0,14,872
2006,5,25,4,85,0,0,20,878
2006,5,26,5,86,1,0,20,904
2006,5,27,6,74,0,0,3,869
2006,5,28,7,77,0,0,4,792
2006,5,29,1,82,2,0,21,928
2006,5,30,2,84,1,0,11,1036
2006,5,31,3,83,0,1,19,1034
2006,6,1,4,85,0,1,21,1150
2006,6,2,5,86,2,0,19,823
2006,6,3,6,76,0,0,13,736
2006,6,4,7,82,0,0,11,846
2006,6,5,1,84,0,0,8,790
2006,6,6,2,83,0,0,6,870
2006,6,7,3,82,0,1,17,1072
2006,6,8,4,83,0,0,9,851
2006,6,9,5,83,1,2,7,887
2006,6,10,6,84,0,0,12,912
2006,6,11,7,85,0,0,10,830
2006,6,12,1,88,0,0,13,873
2006,6,13,2,88,0,0,10,815
2006,6,14,3,88,1,0,3,895
2006,6,15,4,88,0,0,8,909
2006,6,16,5,88,0,0,22,929
2006,6,17,6,82,4,2,14,1018
2006,6,18,7,85,0,1,22,1098
2006,6,19,1,88,4,0,26,1064
2006,6,20,2,88,1,0,16,919
2006,6,21,3,88,1,1,18,992
2006,6,22,4,88,1,0,25,1018
2006,6,23,5,88,2,0,21,878
2006,6,24,6,82,0,0,22,865
2006,6,25,7,85,2,0,29,891
2006,6,26,1,88,1,2,30,848
2006,6,27,2,87,1,1,25,980
2006,6,28,3,87,1,0,11,860
2006,6,29,4,87,1,0,14,831
2006,6,30,5,87,1,0,10,902
2006,7,1,6,83,0,0,13,841
2006,7,2,7,84,0,1,20,1263
2006,7,3,1,78,0,0,10,862
2006,7,4,2,81,3,2,19,1136
2006,7,5,3,89,2,1,32,1235
2006,7,6,4,89,3,0,20,885
2006,7,7,5,89,0,0,9,873
2006,7,8,6,85,1,0,9,928
2006,7,9,7,86,1,0,16,918
2006,7,10,1,89,1,0,5,970
2006,7,11,2,89,0,0,4,944
2006,7,12,3,89,1,1,12,981
2006,7,13,4,89,2,1,10,874
2006,7,14,5,89,0,0,11,958
2006,7,15,6,86,1,0,15,909
2006,7,16,7,86,0,0,16,779
2006,7,17,1,89,2,0,9,801
2006,7,18,2,89,1,1,20,962
2006,7,19,3,89,0,0,18,911
2006,7,20,4,89,2,1,20,868
2006,7,21,5,89,2,0,19,902
2006,7,22,6,86,1,3,29,952
2006,7,23,7,86,1,0,38,908
2006,7,24,1,89,1,0,15,978
2006,7,25,2,89,0,0,16,1203
2006,7,26,3,89,3,0,21,954
2006,7,27,4,89,3,1,19,928
2006,7,28,5,89,2,0,17,923
2006,7,29,6,86,1,0,16,857
2006,7,30,7,86,0,0,14,955
2006,7,31,1,89,1,0,12,953
2006,8,1,2,89,0,0,13,1156
2006,8,2,3,90,1,1,4,839
2006,8,3,4,90,1,0,18,968
2006,8,4,5,90,2,0,10,908
2006,8,5,6,87,2,1,13,939
2006,8,6,7,87,0,1,23,945
2006,8,7,1,90,1,0,21,1041
2006,8,8,2,90,0,0,12,1083
2006,8,9,3,90,0,1,10,934
2006,8,10,4,90,3,1,28,881
2006,8,11,5,90,1,0,18,856
2006,8,12,6,87,1,0,9,876
2006,8,13,7,87,0,1,7,760
2006,8,14,1,90,0,0,10,886
2006,8,15,2,87,0,0,10,891
2006,8,16,3,89,1,0,8,898
2006,8,17,4,89,0,0,7,858
2006,8,18,5,89,0,0,11,948
2006,8,19,6,86,1,0,7,810
2006,8,20,7,86,1,1,11,847
2006,8,21,1,89,1,0,7,863
2006,8,22,2,87,1,1,13,913
2006,8,23,3,87,0,1,6,790
2006,8,24,4,89,4,0,18,927
2006,8,25,5,89,0,0,12,988
2006,8,26,6,86,0,1,13,962
2006,8,27,7,86,1,2,15,819
2006,8,28,1,89,1,0,14,1022
2006,8,29,2,87,4,0,18,1000
2006,8,30,3,87,5,0,12,826
2006,8,31,4,88,0,1,20,948
2006,9,1,5,87,0,0,18,894
2006,9,2,6,84,0,0,12,1098
2006,9,3,7,76,1,0,4,714
2006,9,4,1,81,0,0,4,728
2006,9,5,2,87,0,1,15,890
2006,9,6,3,87,1,0,9,768
2006,9,7,4,92,1,1,8,876
2006,9,8,5,92,3,1,10,938
2006,9,9,6,83,0,0,5,836
2006,9,10,7,89,0,0,13,1032
2006,9,11,1,92,4,1,13,965
2006,9,12,2,89,1,0,12,1014
2006,9,13,3,89,1,0,15,1046
2006,9,14,4,92,1,0,11,871
2006,9,15,5,92,1,0,17,1137
2006,9,16,6,81,4,0,6,887
2006,9,17,7,89,0,2,20,1256
2006,9,18,1,92,1,0,11,970
2006,9,19,2,89,2,0,10,840
2006,9,20,3,89,1,0,3,812
2006,9,21,4,92,0,1,5,1025
2006,9,22,5,92,1,0,19,1156
2006,9,23,6,81,2,0,16,1195
2006,9,24,7,88,0,0,19,1071
2006,9,25,1,92,0,0,6,775
2006,9,26,2,89,1,0,2,939
2006,9,27,3,89,0,0,5,908
2006,9,28,4,92,0,0,4,834
2006,9,29,5,92,1,0,6,889
2006,9,30,6,81,3,0,3,735
2006,10,1,7,89,2,0,7,798
2006,10,2,1,93,0,2,7,905
2006,10,3,2,90,1,0,4,852
2006,10,4,3,93,2,0,11,968
2006,10,5,4,93,0,0,13,965
2006,10,6,5,93,0,0,16,1043
2006,10,7,6,82,0,0,3,738
2006,10,8,7,90,0,0,5,876
2006,10,9,1,92,0,0,8,885
2006,10,10,2,91,1,0,14,1322
2006,10,11,3,93,0,0,10,1039
2006,10,12,4,93,1,2,26,1318
2006,10,13,5,93,0,0,19,894
2006,10,14,6,83,0,0,12,884
2006,10,15,7,90,0,0,19,1186
2006,10,16,1,93,3,1,34,1334
2006,10,17,2,91,2,0,26,933
2006,10,18,3,93,3,1,20,1183
2006,10,19,4,93,0,0,33,1194
2006,10,20,5,92,0,0,29,929
2006,10,21,6,82,0,0,11,818
2006,10,22,7,90,2,0,29,846
2006,10,23,1,93,1,0,27,887
2006,10,24,2,91,0,0,5,928
2006,10,25,3,93,2,0,7,1085
2006,10,26,4,93,2,0,29,1399
2006,10,27,5,92,0,0,41,949
2006,10,28,6,83,0,0,19,882
2006,10,29,7,88,0,0,6,1000
2006,10,30,1,95,0,0,9,1044
2006,10,31,2,95,1,0,10,918
2006,11,1,3,98,0,0,8,947
2006,11,2,4,99,0,1,18,1061
2006,11,3,5,99,0,0,10,982
2006,11,4,6,84,1,0,8,808
2006,11,5,7,91,1,0,9,1115
2006,11,6,1,98,0,0,27,1123
2006,11,7,2,96,1,0,21,1098
2006,11,8,3,98,1,0,13,988
2006,11,9,4,99,0,0,8,1063
2006,11,10,5,99,1,0,10,1080
2006,11,11,6,84,0,0,12,787
2006,11,12,7,92,0,0,10,1008
2006,11,13,1,100,0,0,20,1410
2006,11,14,2,96,0,0,10,1130
2006,11,15,3,98,3,1,46,1223
2006,11,16,4,99,2,0,19,1220
2006,11,17,5,99,1,0,14,955
2006,11,18,6,86,0,0,11,780
2006,11,19,7,91,0,0,8,850
2006,11,20,1,96,0,0,10,937
2006,11,21,2,98,1,0,7,974
2006,11,22,3,98,0,0,12,952
2006,11,23,4,83,1,0,4,801
2006,11,24,5,85,0,0,2,709
2006,11,25,6,84,1,1,7,815
2006,11,26,7,99,0,0,10,1169
2006,11,27,1,99,0,0,11,1091
2006,11,28,2,98,0,0,13,1176
2006,11,29,3,96,1,0,15,1248
2006,11,30,4,99,5,0,32,1127
2006,12,1,5,99,5,0,21,1052
2006,12,2,6,82,0,1,14,849
2006,12,3,7,91,1,0,14,936
2006,12,4,1,98,0,0,18,1010
2006,12,5,2,95,0,0,5,832
2006,12,6,3,95,0,0,7,971
2006,12,7,4,98,0,0,15,953
2006,12,8,5,97,3,1,10,868
2006,12,9,6,81,1,0,2,730
2006,12,10,7,91,0,0,4,1029
2006,12,11,1,97,0,0,11,1304
2006,12,12,2,95,1,0,11,1054
2006,12,13,3,97,2,0,21,1091
2006,12,14,4,97,3,2,33,1348
2006,12,15,5,92,1,1,22,1206
2006,12,16,6,76,0,0,17,826
2006,12,17,7,86,0,0,6,1067
2006,12,18,1,91,0,0,8,985
2006,12,19,2,91,1,0,10,975
2006,12,20,3,91,2,1,27,1164
2006,12,21,4,93,2,0,35,1260
2006,12,22,5,93,3,0,45,961
2006,12,23,6,79,0,0,32,755
2006,12,24,7,80,0,0,19,849
2006,12,25,1,78,0,0,20,710
2006,12,26,2,93,1,0,21,907
2006,12,27,3,93,0,0,15,991
2006,12,28,4,94,0,0,11,926
2006,12,29,5,95,7,0,24,1231
2006,12,30,6,83,5,0,43,1032
2006,12,31,7,84,1,0,27,840
2005,1,1,6,127,0,0,8,1273
2005,1,2,7,149,0,0,37,1667
2005,1,3,1,150,0,1,35,1518
2005,1,4,2,147,0,0,32,1578
2005,1,5,3,148,2,3,38,1613
2005,1,6,4,153,4,0,36,1439
2005,1,7,5,153,1,1,22,1556
2005,1,8,6,123,0,0,19,1147
2005,1,9,7,145,0,0,17,1427
2005,1,10,1,152,1,2,13,1766
2005,1,11,2,146,0,1,15,1708
2005,1,12,3,150,3,2,31,1544
2005,1,13,4,154,2,0,54,1933
2005,1,14,5,154,0,0,29,1360
2005,1,15,6,123,0,0,17,1022
2005,1,16,7,145,1,0,15,1252
2005,1,17,1,153,2,1,15,1344
2005,1,18,2,147,1,0,8,1229
2005,1,19,3,149,2,0,23,1556
2005,1,20,4,154,2,1,15,1379
2005,1,21,5,154,2,1,27,1445
2005,1,22,6,127,15,3,28,1011
2005,1,23,7,145,7,0,19,1314
2005,1,24,1,153,0,0,12,1498
2005,1,25,2,147,2,0,3,1353
2005,1,26,3,149,2,0,13,1212
2005,1,27,4,155,0,0,19,1318
2005,1,28,5,157,1,0,21,1999
2005,1,29,6,129,15,1,15,977
2005,1,30,7,148,9,1,26,1214
2005,1,31,1,151,0,0,18,1389
2005,2,1,2,147,0,0,13,1653
2005,2,2,3,146,1,0,23,1394
2005,2,3,4,152,1,1,22,1511
2005,2,4,5,157,0,0,25,1480
2005,2,5,6,131,0,0,8,1204
2005,2,6,7,145,0,0,8,1404
2005,2,7,1,152,0,0,8,1661
2005,2,8,2,148,2,2,18,1425
2005,2,9,3,151,0,0,28,1473
2005,2,10,4,152,0,0,21,1426
2005,2,11,5,155,1,1,22,1478
2005,2,12,6,130,2,0,16,1359
2005,2,13,7,142,0,0,23,1458
2005,2,14,1,151,1,1,15,1449
2005,2,15,2,147,0,0,15,1764
2005,2,16,3,150,12,0,38,1538
2005,2,17,4,154,0,0,23,1394
2005,2,18,5,153,2,0,36,1413
2005,2,19,6,126,1,1,12,1262
2005,2,20,7,144,1,0,21,1666
2005,2,21,1,151,3,1,67,1930
2005,2,22,2,152,0,1,35,1742
2005,2,23,3,152,4,0,46,1830
2005,2,24,4,154,3,1,51,1779
2005,2,25,5,153,1,0,38,1414
2005,2,26,6,128,0,0,14,1182
2005,2,27,7,144,0,1,39,1518
2005,2,28,1,152,3,1,30,1808
2005,3,1,2,149,8,0,22,1377
2005,3,2,3,151,0,0,23,1355
2005,3,3,4,154,1,0,29,1591
2005,3,4,5,154,1,1,20,1443
2005,3,5,6,130,0,0,12,1165
2005,3,6,7,145,0,0,14,1675
2005,3,7,1,153,1,1,31,1816
2005,3,8,2,150,3,2,32,1518
2005,3,9,3,152,2,0,34,1445
2005,3,10,4,154,0,0,29,1569
2005,3,11,5,154,0,0,40,1493
2005,3,12,6,129,0,1,17,1486
2005,3,13,7,146,0,0,18,1654
2005,3,14,1,153,0,0,22,1451
2005,3,15,2,152,2,0,37,1460
2005,3,16,3,152,1,0,70,1470
2005,3,17,4,154,1,0,59,1472
2005,3,18,5,154,1,1,25,1712
2005,3,19,6,129,0,0,19,1337
2005,3,20,7,145,1,0,21,1709
2005,3,21,1,153,2,0,28,1729
2005,3,22,2,152,5,0,21,1567
2005,3,23,3,152,0,1,26,1505
2005,3,24,4,154,0,1,26,1643
2005,3,25,5,154,1,1,54,1481
2005,3,26,6,129,1,1,40,1353
2005,3,27,7,145,0,0,43,1619
2005,3,28,1,153,4,1,42,1887
2005,3,29,2,152,0,0,12,1816
2005,3,30,3,152,0,0,15,1755
2005,3,31,4,154,1,0,34,1856
2005,4,1,5,153,6,0,32,1404
2005,4,2,6,129,1,2,34,1213
2005,4,3,7,148,3,0,16,1640
2005,4,4,1,153,0,0,18,1720
2005,4,5,2,148,0,0,7,1669
2005,4,6,3,152,1,0,39,1818
2005,4,7,4,155,0,0,24,1674
2005,4,8,5,154,0,0,18,1313
2005,4,9,6,125,0,0,4,1188
2005,4,10,7,148,2,0,13,1626
2005,4,11,1,153,2,1,37,2193
2005,4,12,2,148,1,0,10,1322
2005,4,13,3,152,0,0,4,1474
2005,4,14,4,155,0,0,12,1331
2005,4,15,5,154,0,1,16,1428
2005,4,16,6,125,0,0,7,1232
2005,4,17,7,148,0,0,9,1556
2005,4,18,1,153,0,0,8,1525
2005,4,19,2,148,1,0,0,1542
2005,4,20,3,152,1,0,9,1633
2005,4,21,4,156,0,0,12,1670
2005,4,22,5,155,0,1,32,1745
2005,4,23,6,126,1,0,13,1222
2005,4,24,7,149,0,0,19,1377
2005,4,25,1,154,1,0,21,1686
2005,4,26,2,149,2,0,29,1471
2005,4,27,3,153,1,0,21,1662
2005,4,28,4,156,0,1,20,1753
2005,4,29,5,155,0,0,9,1687
2005,4,30,6,126,1,0,50,1565
2005,5,1,7,152,0,0,22,1351
2005,5,2,1,155,0,0,15,1500
2005,5,3,2,152,0,1,23,1426
2005,5,4,3,154,0,0,19,1360
2005,5,5,4,157,1,0,29,1461
2005,5,6,5,156,0,0,21,1496
2005,5,7,6,131,0,0,4,1416
2005,5,8,7,149,0,0,25,1967
2005,5,9,1,155,1,0,11,1632
2005,5,10,2,150,2,0,3,1554
2005,5,11,3,152,1,0,19,1631
2005,5,12,4,155,0,0,15,1664
2005,5,13,5,154,0,0,21,1617
2005,5,14,6,127,1,0,14,1264
2005,5,15,7,148,0,1,18,1461
2005,5,16,1,154,0,0,4,1432
2005,5,17,2,150,1,0,6,1350
2005,5,18,3,152,0,0,13,1584
2005,5,19,4,155,0,0,24,1671
2005,5,20,5,154,1,1,37,1895
2005,5,21,6,127,1,0,13,1209
2005,5,22,7,147,0,0,17,1449
2005,5,23,1,153,0,0,9,1738
2005,5,24,2,150,2,0,20,1594
2005,5,25,3,153,1,0,25,1782
2005,5,26,4,155,1,1,27,1613
2005,5,27,5,154,0,0,14,1645
2005,5,28,6,125,0,0,9,1254
2005,5,29,7,133,0,0,28,1641
2005,5,30,1,144,1,0,11,1665
2005,5,31,2,154,0,0,16,1632
2005,6,1,3,154,2,0,24,1503
2005,6,2,4,156,2,0,23,1677
2005,6,3,5,155,2,0,26,1631
2005,6,4,6,128,0,0,18,1460
2005,6,5,7,149,0,0,26,1601
2005,6,6,1,155,7,1,46,2053
2005,6,7,2,150,2,0,27,1510
2005,6,8,3,152,1,1,21,1824
2005,6,9,4,151,4,0,25,1601
2005,6,10,5,150,0,0,34,1516
2005,6,11,6,127,3,0,18,1164
2005,6,12,7,141,0,0,25,1607
2005,6,13,1,150,1,0,15,1608
2005,6,14,2,149,1,1,18,1678
2005,6,15,3,150,1,0,15,1520
2005,6,16,4,151,0,0,19,1559
2005,6,17,5,150,1,0,36,1582
2005,6,18,6,127,0,0,16,1354
2005,6,19,7,141,1,0,12,1233
2005,6,20,1,150,2,0,18,1372
2005,6,21,2,149,2,0,13,1426
2005,6,22,3,150,0,2,19,1447
2005,6,23,4,151,0,1,19,1544
2005,6,24,5,150,2,0,27,1601
2005,6,25,6,127,0,0,6,1334
2005,6,26,7,141,0,1,22,1451
2005,6,27,1,150,0,0,27,1701
2005,6,28,2,150,1,0,33,1707
2005,6,29,3,150,0,0,40,1653
2005,6,30,4,151,0,1,51,1703
2005,7,1,5,150,0,3,49,1748
2005,7,2,6,126,0,0,27,1372
2005,7,3,7,119,0,0,24,1327
2005,7,4,1,143,0,0,16,1604
2005,7,5,2,150,3,0,32,1722
2005,7,6,3,150,24,1,31,1230
2005,7,7,4,151,6,0,39,1517
2005,7,8,5,150,0,1,33,1645
2005,7,9,6,127,0,1,12,1297
2005,7,10,7,140,12,2,22,1183
2005,7,11,1,150,10,3,32,1546
2005,7,12,2,149,1,0,28,1704
2005,7,13,3,150,3,2,51,1820
2005,7,14,4,151,1,0,54,1835
2005,7,15,5,150,1,1,62,1970
2005,7,16,6,127,1,0,37,1567
2005,7,17,7,140,0,2,43,1899
2005,7,18,1,150,1,0,51,1909
2005,7,19,2,149,1,0,24,1850
2005,7,20,3,150,1,0,32,1677
2005,7,21,4,151,0,0,40,1662
2005,7,22,5,150,0,0,34,1536
2005,7,23,6,127,1,0,6,1246
2005,7,24,7,140,0,1,15,1429
2005,7,25,1,150,1,2,38,1604
2005,7,26,2,149,1,0,22,1645
2005,7,27,3,150,5,2,19,1674
2005,7,28,4,151,2,0,46,1532
2005,7,29,5,150,0,0,37,1568
2005,7,30,6,127,0,0,22,1235
2005,7,31,7,140,1,0,21,1528
2005,8,1,1,150,0,0,26,1462
2005,8,2,2,149,1,1,18,1652
2005,8,3,3,150,1,0,15,1408
2005,8,4,4,150,1,1,38,1703
2005,8,5,5,150,1,0,43,1731
2005,8,6,6,127,1,1,21,1168
2005,8,7,7,140,1,0,35,1531
2005,8,8,1,150,1,1,45,1509
2005,8,9,2,149,3,1,45,1380
2005,8,10,3,150,2,0,19,1482
2005,8,11,4,150,1,1,21,1457
2005,8,12,5,149,1,0,27,1740
2005,8,13,6,127,1,0,17,1315
2005,8,14,7,140,1,2,42,1989
2005,8,15,1,150,6,1,30,1507
2005,8,16,2,147,5,1,33,1307
2005,8,17,3,150,1,0,20,1544
2005,8,18,4,150,2,0,31,1745
2005,8,19,5,150,2,2,26,1538
2005,8,20,6,127,3,1,16,1138
2005,8,21,7,138,1,0,24,1366
2005,8,22,1,150,0,0,7,1369
2005,8,23,2,148,2,1,10,1524
2005,8,24,3,148,1,1,24,1514
2005,8,25,4,151,6,0,14,1503
2005,8,26,5,151,3,0,18,1450
2005,8,27,6,127,1,0,15,1243
2005,8,28,7,140,73,0,27,627
2005,8,29,1,151,151,0,0,0
2005,8,30,2,148,148,0,0,0
2005,8,31,3,148,148,0,0,0
2005,9,1,4,150,150,0,0,0
2005,9,2,5,149,149,0,0,0
2005,9,3,6,73,73,0,0,0
2005,9,4,7,73,73,0,0,0
2005,9,5,1,78,78,0,0,0
2005,9,6,2,82,82,0,0,0
2005,9,7,3,60,60,0,0,0
2005,9,8,4,46,46,0,0,0
2005,9,9,5,19,19,0,0,0
2005,9,10,6,18,18,0,0,0
2005,9,11,7,11,11,0,0,0
2005,9,12,1,11,11,0,0,0
2005,9,13,2,9,7,0,0,25
2005,9,14,3,9,7,0,1,26
2005,9,15,4,7,5,0,0,26
2005,9,16,5,7,1,0,1,89
2005,9,17,6,10,1,0,0,123
2005,9,18,7,10,0,0,0,124
2005,9,19,1,15,1,0,3,143
2005,9,20,2,15,0,0,1,155
2005,9,21,3,18,0,0,1,185
2005,9,22,4,19,2,0,4,197
2005,9,23,5,20,13,0,2,130
2005,9,24,6,17,7,0,4,125
2005,9,25,7,20,3,0,2,199
2005,9,26,1,18,0,0,4,222
2005,9,27,2,18,0,0,1,172
2005,9,28,3,18,0,0,2,181
2005,9,29,4,18,0,0,5,222
2005,9,30,5,18,0,0,3,165
2005,10,1,6,18,0,0,3,215
2005,10,2,7,19,0,0,2,280
2005,10,3,1,21,0,0,3,194
2005,10,4,2,21,0,1,3,202
2005,10,5,3,23,0,0,5,249
2005,10,6,4,24,0,0,4,318
2005,10,7,5,24,0,0,4,263
2005,10,8,6,21,0,0,3,206
2005,10,9,7,24,0,0,5,299
2005,10,10,1,26,0,0,10,354
2005,10,11,2,25,0,0,2,280
2005,10,12,3,26,0,0,3,307
2005,10,13,4,26,0,0,5,389
2005,10,14,5,26,0,0,4,259
2005,10,15,6,25,0,0,2,272
2005,10,16,7,25,0,0,4,259
2005,10,17,1,28,2,0,4,314
2005,10,18,2,28,0,0,4,247
2005,10,19,3,28,0,0,4,271
2005,10,20,4,34,0,0,5,384
2005,10,21,5,34,0,0,4,335
2005,10,22,6,31,0,0,5,334
2005,10,23,7,31,0,0,6,313
2005,10,24,1,32,0,0,6,307
2005,10,25,2,32,0,0,4,322
2005,10,26,3,34,0,0,5,357
2005,10,27,4,33,0,0,6,322
2005,10,28,5,34,0,0,6,331
2005,10,29,6,33,0,0,1,311
2005,10,30,7,34,1,0,3,321
2005,10,31,1,36,3,0,11,425
2005,11,1,2,39,1,0,8,353
2005,11,2,3,40,2,0,4,401
2005,11,3,4,41,3,0,5,451
2005,11,4,5,38,0,0,6,493
2005,11,5,6,37,1,1,6,468
2005,11,6,7,38,2,0,8,441
2005,11,7,1,40,2,0,9,423
2005,11,8,2,37,1,0,7,458
2005,11,9,3,42,1,0,14,514
2005,11,10,4,41,0,0,6,396
2005,11,11,5,41,0,0,4,375
2005,11,12,6,45,0,0,7,429
2005,11,13,7,48,0,0,6,474
2005,11,14,1,50,1,0,10,603
2005,11,15,2,48,0,1,15,617
2005,11,16,3,51,0,0,15,440
2005,11,17,4,51,1,0,16,458
2005,11,18,5,51,1,0,15,496
2005,11,19,6,47,0,0,12,430
2005,11,20,7,49,0,0,13,525
2005,11,21,1,51,0,0,12,527
2005,11,22,2,49,0,0,14,514
2005,11,23,3,51,0,0,9,508
2005,11,24,4,41,0,0,5,339
2005,11,25,5,43,0,0,10,422
2005,11,26,6,45,0,0,11,527
2005,11,27,7,49,0,0,17,561
2005,11,28,1,51,0,0,23,596
2005,11,29,2,49,0,0,19,541
2005,11,30,3,51,1,0,11,498
2005,12,1,4,52,0,0,13,522
2005,12,2,5,51,0,0,10,615
2005,12,3,6,49,0,0,8,528
2005,12,4,7,50,0,0,15,577
2005,12,5,1,52,1,0,29,533
2005,12,6,2,51,1,0,11,424
2005,12,7,3,52,3,0,13,426
2005,12,8,4,52,0,0,25,548
2005,12,9,5,52,0,0,22,476
2005,12,10,6,49,0,0,12,440
2005,12,11,7,51,1,0,12,499
2005,12,12,1,52,0,0,12,471
2005,12,13,2,50,0,0,5,519
2005,12,14,3,52,2,0,23,602
2005,12,15,4,50,0,0,29,516
2005,12,16,5,52,0,0,32,611
2005,12,17,6,51,0,0,22,498
2005,12,18,7,49,0,0,14,438
2005,12,19,1,52,0,0,20,485
2005,12,20,2,52,0,0,17,533
2005,12,21,3,52,0,0,22,511
2005,12,22,4,52,0,0,15,524
2005,12,23,5,54,0,0,17,540
2005,12,24,6,48,0,0,15,472
2005,12,25,7,47,0,0,8,417
2005,12,26,1,52,0,0,13,521
2005,12,27,2,52,0,0,17,493
2005,12,28,3,52,0,0,25,540
2005,12,29,4,52,0,0,19,655
2005,12,30,5,52,0,0,18,627
2005,12,31,6,47,0,0,13,478
2004,1,1,4,130,0,0,7,1315
2004,1,2,5,147,0,0,22,1797
2004,1,3,6,131,1,0,16,1399
2004,1,4,7,144,4,0,34,1855
2004,1,5,1,154,1,1,67,1822
2004,1,6,2,152,2,0,23,1449
2004,1,7,3,148,2,0,7,1282
2004,1,8,4,151,1,0,6,1361
2004,1,9,5,151,1,0,16,1410
2004,1,10,6,127,1,0,7,1103
2004,1,11,7,141,1,0,8,1219
2004,1,12,1,151,0,0,7,1459
2004,1,13,2,148,2,0,12,1324
2004,1,14,3,148,2,3,15,1325
2004,1,15,4,151,1,0,17,1461
2004,1,16,5,151,1,0,22,1432
2004,1,17,6,124,2,0,14,1594
2004,1,18,7,142,1,1,19,1294
2004,1,19,1,151,0,0,10,1264
2004,1,20,2,148,3,0,2,1228
2004,1,21,3,148,0,0,6,1561
2004,1,22,4,151,0,0,13,1239
2004,1,23,5,151,1,0,2,1364
2004,1,24,6,127,0,1,7,1201
2004,1,25,7,142,3,0,19,1345
2004,1,26,1,151,7,0,27,1463
2004,1,27,2,148,8,0,28,1231
2004,1,28,3,148,3,0,7,1479
2004,1,29,4,151,2,0,17,1440
2004,1,30,5,151,2,0,7,1508
2004,1,31,6,127,1,0,14,1549
2004,2,1,7,142,0,0,7,1362
2004,2,2,1,151,4,0,29,1685
2004,2,3,2,148,1,0,14,1374
2004,2,4,3,148,3,2,24,1552
2004,2,5,4,150,1,0,36,1745
2004,2,6,5,150,3,0,52,1458
2004,2,7,6,126,1,0,19,1173
2004,2,8,7,141,0,0,11,1354
2004,2,9,1,150,0,0,6,1700
2004,2,10,2,147,0,0,19,1434
2004,2,11,3,149,1,0,20,1911
2004,2,12,4,152,1,0,37,1594
2004,2,13,5,152,1,0,28,1891
2004,2,14,6,129,3,0,23,1417
2004,2,15,7,145,0,0,15,1499
2004,2,16,1,152,0,0,12,1507
2004,2,17,2,152,3,0,10,1442
2004,2,18,3,152,1,1,13,1414
2004,2,19,4,153,1,0,8,1597
2004,2,20,5,153,0,0,14,1481
2004,2,21,6,131,0,0,14,1295
2004,2,22,7,146,0,0,11,1621
2004,2,23,1,152,1,0,65,2860
2004,2,24,2,149,0,0,38,1668
2004,2,25,3,152,1,0,29,1570
2004,2,26,4,152,1,1,29,1518
2004,2,27,5,152,1,0,23,1856
2004,2,28,6,131,0,3,9,1462
2004,2,29,7,145,0,2,17,1695
2004,3,1,1,153,1,1,11,1599
2004,3,2,2,150,2,0,9,1723
2004,3,3,3,152,0,0,9,1616
2004,3,4,4,153,1,0,24,1732
2004,3,5,5,153,2,0,45,1634
2004,3,6,6,131,0,2,22,1273
2004,3,7,7,146,0,0,13,1453
2004,3,8,1,153,3,0,16,1343
2004,3,9,2,149,0,3,10,1448
2004,3,10,3,153,0,0,9,1568
2004,3,11,4,153,0,0,21,1559
2004,3,12,5,153,0,0,20,1464
2004,3,13,6,130,0,2,9,1349
2004,3,14,7,146,1,0,25,1699
2004,3,15,1,153,0,0,15,1617
2004,3,16,2,151,1,1,23,1337
2004,3,17,3,152,0,0,21,1671
2004,3,18,4,153,1,1,21,1805
2004,3,19,5,153,2,0,17,1513
2004,3,20,6,130,0,1,4,1473
2004,3,21,7,146,0,0,17,1432
2004,3,22,1,153,0,0,9,1400
2004,3,23,2,151,1,0,8,1561
2004,3,24,3,153,1,0,6,1674
2004,3,25,4,153,1,0,10,1748
2004,3,26,5,153,0,0,10,1748
2004,3,27,6,130,0,0,9,1531
2004,3,28,7,146,1,1,13,1600
2004,3,29,1,153,0,0,16,1609
2004,3,30,2,151,1,0,11,1584
2004,3,31,3,153,0,1,15,1403
2004,4,1,4,153,0,1,21,1449
2004,4,2,5,153,0,0,22,1414
2004,4,3,6,130,1,0,8,1305
2004,4,4,7,144,0,0,14,1500
2004,4,5,1,153,1,0,24,1679
2004,4,6,2,149,3,0,18,1616
2004,4,7,3,153,1,0,13,1507
2004,4,8,4,153,1,0,29,1439
2004,4,9,5,153,1,0,14,1383
2004,4,10,6,127,1,0,11,1301
2004,4,11,7,144,0,1,25,1964
2004,4,12,1,153,0,1,35,1499
2004,4,13,2,152,2,0,34,1568
2004,4,14,3,153,0,0,14,1464
2004,4,15,4,152,1,0,13,1416
2004,4,16,5,152,0,0,11,1571
2004,4,17,6,126,0,0,6,1363
2004,4,18,7,143,0,0,16,1568
2004,4,19,1,152,2,0,14,1525
2004,4,20,2,148,0,0,9,1539
2004,4,21,3,151,0,0,20,1681
2004,4,22,4,153,0,0,12,1789
2004,4,23,5,153,1,0,24,1679
2004,4,24,6,126,1,0,20,1497
2004,4,25,7,145,0,1,58,2350
2004,4,26,1,153,0,0,29,1571
2004,4,27,2,150,0,0,11,1330
2004,4,28,3,152,1,0,13,1654
2004,4,29,4,153,0,0,18,1671
2004,4,30,5,153,0,0,43,2002
2004,5,1,6,126,3,1,28,1344
2004,5,2,7,147,0,0,27,1455
2004,5,3,1,151,0,1,27,1476
2004,5,4,2,148,1,0,31,2091
2004,5,5,3,150,1,0,10,1453
2004,5,6,4,152,0,0,5,1489
2004,5,7,5,151,0,1,22,1562
2004,5,8,6,124,0,1,4,1116
2004,5,9,7,145,0,1,12,1504
2004,5,10,1,151,2,1,16,1477
2004,5,11,2,148,2,1,35,1717
2004,5,12,3,150,0,1,34,1954
2004,5,13,4,152,7,0,57,1802
2004,5,14,5,151,4,0,50,1680
2004,5,15,6,124,1,0,28,1728
2004,5,16,7,145,1,0,16,1565
2004,5,17,1,151,4,1,29,1702
2004,5,18,2,150,1,1,51,1884
2004,5,19,3,150,1,0,20,1584
2004,5,20,4,152,0,2,19,1570
2004,5,21,5,151,1,2,36,1753
2004,5,22,6,124,1,0,10,1332
2004,5,23,7,145,0,0,17,1566
2004,5,24,1,151,0,0,17,1622
2004,5,25,2,150,1,1,10,1407
2004,5,26,3,151,0,1,18,1529
2004,5,27,4,152,3,0,18,1360
2004,5,28,5,151,1,0,19,1465
2004,5,29,6,122,0,0,6,1357
2004,5,30,7,132,4,0,11,1339
2004,5,31,1,141,0,0,25,1499
2004,6,1,2,148,0,1,20,1383
2004,6,2,3,147,2,3,34,1513
2004,6,3,4,150,1,1,29,1399
2004,6,4,5,153,0,2,27,1416
2004,6,5,6,121,0,0,28,1363
2004,6,6,7,142,1,0,39,1436
2004,6,7,1,148,0,1,21,1617
2004,6,8,2,148,1,1,38,2045
2004,6,9,3,146,2,1,31,1876
2004,6,10,4,147,0,0,33,1635
2004,6,11,5,146,0,0,22,1573
2004,6,12,6,115,0,0,6,1171
2004,6,13,7,139,0,1,43,1555
2004,6,14,1,146,1,0,43,1459
2004,6,15,2,142,2,0,42,1528
2004,6,16,3,144,2,0,29,1583
2004,6,17,4,147,2,1,33,1610
2004,6,18,5,146,2,0,34,1251
2004,6,19,6,121,0,1,22,1246
2004,6,20,7,138,1,0,19,1263
2004,6,21,1,145,2,1,36,1514
2004,6,22,2,141,1,0,43,1500
2004,6,23,3,143,0,0,33,1481
2004,6,24,4,146,0,0,41,1713
2004,6,25,5,144,0,2,66,1503
2004,6,26,6,119,0,0,31,1320
2004,6,27,7,138,0,0,31,1454
2004,6,28,1,146,3,2,36,1464
2004,6,29,2,140,1,0,35,1561
2004,6,30,3,142,0,0,33,1639
2004,7,1,4,148,0,0,25,1934
2004,7,2,5,147,1,1,26,1383
2004,7,3,6,120,0,0,17,1135
2004,7,4,7,120,0,0,7,1168
2004,7,5,1,140,0,0,14,1425
2004,7,6,2,147,0,0,25,1484
2004,7,7,3,146,2,0,37,1525
2004,7,8,4,149,2,0,15,1480
2004,7,9,5,148,0,0,18,1570
2004,7,10,6,121,0,1,12,1190
2004,7,11,7,141,0,0,22,1323
2004,7,12,1,147,2,1,28,1503
2004,7,13,2,143,1,1,15,1246
2004,7,14,3,145,1,1,33,1377
2004,7,15,4,148,2,0,24,1311
2004,7,16,5,147,0,0,32,1665
2004,7,17,6,120,0,0,10,1102
2004,7,18,7,141,0,1,23,1260
2004,7,19,1,147,0,0,19,1239
2004,7,20,2,143,1,0,10,1219
2004,7,21,3,145,0,1,14,1338
2004,7,22,4,148,0,0,32,1527
2004,7,23,5,147,0,0,26,1376
2004,7,24,6,120,0,0,10,1096
2004,7,25,7,141,1,0,29,1404
2004,7,26,1,147,0,0,30,1324
2004,7,27,2,143,1,0,10,1419
2004,7,28,3,145,4,2,24,1347
2004,7,29,4,148,0,0,30,1492
2004,7,30,5,147,0,0,20,1494
2004,7,31,6,120,0,0,16,1252
2004,8,1,7,142,3,0,48,1422
2004,8,2,1,148,3,0,31,1416
2004,8,3,2,144,1,0,8,1248
2004,8,4,3,146,2,0,14,1393
2004,8,5,4,149,2,0,31,1325
2004,8,6,5,148,0,0,17,1290
2004,8,7,6,123,0,0,10,1101
2004,8,8,7,142,1,0,14,1221
2004,8,9,1,148,2,0,12,1504
2004,8,10,2,144,0,0,5,1371
2004,8,11,3,146,3,5,30,1318
2004,8,12,4,148,3,1,27,1299
2004,8,13,5,147,6,5,13,1215
2004,8,14,6,122,6,3,8,1077
2004,8,15,7,140,0,0,24,1257
2004,8,16,1,147,1,0,20,1247
2004,8,17,2,143,0,0,9,1176
2004,8,18,3,145,0,0,17,1183
2004,8,19,4,148,4,3,33,1664
2004,8,20,5,145,0,0,31,1469
2004,8,21,6,120,1,1,20,1059
2004,8,22,7,139,0,1,26,1395
2004,8,23,1,145,0,0,10,1387
2004,8,24,2,141,3,0,22,1384
2004,8,25,3,142,3,0,15,1353
2004,8,26,4,146,0,1,14,1428
2004,8,27,5,145,0,0,14,1418
2004,8,28,6,120,2,0,16,1214
2004,8,29,7,139,0,0,15,1263
2004,8,30,1,145,0,0,11,1456
2004,8,31,2,141,0,0,10,1216
2004,9,1,3,145,1,1,11,1284
2004,9,2,4,149,0,0,29,1402
2004,9,3,5,148,11,0,12,1348
2004,9,4,6,117,12,0,4,893
2004,9,5,7,122,13,0,8,1041
2004,9,6,1,141,16,0,16,1296
2004,9,7,2,146,2,0,20,1337
2004,9,8,3,148,0,0,13,1496
2004,9,9,4,154,0,0,10,1470
2004,9,10,5,153,0,0,12,1360
2004,9,11,6,125,0,0,3,1154
2004,9,12,7,149,0,0,7,1377
2004,9,13,1,153,2,1,3,1537
2004,9,14,2,148,0,4,54,1616
2004,9,15,3,149,143,0,0,96
2004,9,16,4,155,121,1,4,240
2004,9,17,5,154,11,0,19,1465
2004,9,18,6,119,1,0,8,968
2004,9,19,7,149,2,0,9,1252
2004,9,20,1,153,0,1,6,1284
2004,9,21,2,148,0,0,1,1248
2004,9,22,3,149,1,0,6,1287
2004,9,23,4,155,0,0,5,1827
2004,9,24,5,154,0,0,7,1586
2004,9,25,6,119,8,0,2,992
2004,9,26,7,149,12,3,8,1206
2004,9,27,1,153,5,1,12,1247
2004,9,28,2,148,8,0,13,1195
2004,9,29,3,149,1,1,7,1209
2004,9,30,4,156,0,0,14,1367
2004,10,1,5,159,0,0,14,1496
2004,10,2,6,123,0,0,5,1062
2004,10,3,7,156,0,0,14,1508
2004,10,4,1,159,1,3,34,1653
2004,10,5,2,154,0,1,7,1713
2004,10,6,3,155,1,0,17,1789
2004,10,7,4,160,1,0,24,1990
2004,10,8,5,159,0,0,30,1940
2004,10,9,6,123,0,0,15,1596
2004,10,10,7,155,0,0,32,1914
2004,10,11,1,158,0,0,4,1358
2004,10,12,2,153,0,0,6,1371
2004,10,13,3,155,0,0,5,1284
2004,10,14,4,160,0,0,28,1396
2004,10,15,5,159,0,0,35,1645
2004,10,16,6,123,1,0,6,1103
2004,10,17,7,155,0,0,16,1567
2004,10,18,1,158,1,0,18,1750
2004,10,19,2,153,1,0,28,1283
2004,10,20,3,155,1,0,21,1550
2004,10,21,4,160,1,1,28,1698
2004,10,22,5,161,0,1,29,1659
2004,10,23,6,123,0,2,7,1245
2004,10,24,7,155,0,0,25,1482
2004,10,25,1,158,1,2,14,1529
2004,10,26,2,154,0,0,10,1620
2004,10,27,3,155,1,0,22,1790
2004,10,28,4,159,1,0,25,1836
2004,10,29,5,158,0,1,25,1672
2004,10,30,6,122,0,0,12,1240
2004,10,31,7,149,1,0,15,1628
2004,11,1,1,155,1,0,41,1863
2004,11,2,2,150,3,0,21,1687
2004,11,3,3,151,0,0,8,1327
2004,11,4,4,156,1,2,30,1476
2004,11,5,5,155,0,0,15,1581
2004,11,6,6,126,0,0,3,1081
2004,11,7,7,149,0,0,12,1368
2004,11,8,1,154,0,0,14,1286
2004,11,9,2,150,1,0,8,1348
2004,11,10,3,151,0,0,11,1537
2004,11,11,4,156,1,0,19,1501
2004,11,12,5,155,0,1,25,1544
2004,11,13,6,125,0,0,11,1086
2004,11,14,7,150,0,0,18,1609
2004,11,15,1,154,1,0,19,1406
2004,11,16,2,150,0,0,13,1619
2004,11,17,3,151,2,0,18,1791
2004,11,18,4,156,0,0,5,1739
2004,11,19,5,155,0,0,29,1527
2004,11,20,6,124,1,1,25,1350
2004,11,21,7,148,0,0,25,1663
2004,11,22,1,150,0,1,69,1835
2004,11,23,2,154,3,1,55,2219
2004,11,24,3,154,2,0,61,1756
2004,11,25,4,106,0,0,4,921
2004,11,26,5,128,0,0,4,1236
2004,11,27,6,125,1,0,19,1273
2004,11,28,7,149,0,2,25,1476
2004,11,29,1,154,0,1,23,1568
2004,11,30,2,152,0,0,47,1730
2004,12,1,3,148,0,0,23,1421
2004,12,2,4,154,0,0,10,1198
2004,12,3,5,152,0,0,15,1440
2004,12,4,6,123,0,0,6,1131
2004,12,5,7,146,0,2,10,1863
2004,12,6,1,152,3,0,36,2021
2004,12,7,2,147,0,1,14,1623
2004,12,8,3,148,1,0,3,1415
2004,12,9,4,154,1,0,19,1460
2004,12,10,5,152,0,0,32,1593
2004,12,11,6,123,1,0,9,1131
2004,12,12,7,147,1,0,10,1629
2004,12,13,1,152,0,0,10,1371
2004,12,14,2,148,1,0,8,1253
2004,12,15,3,151,0,0,4,1307
2004,12,16,4,148,0,1,8,1332
2004,12,17,5,150,0,0,24,1351
2004,12,18,6,124,1,1,13,1094
2004,12,19,7,142,0,0,31,1233
2004,12,20,1,149,2,0,24,1433
2004,12,21,2,148,0,1,18,1488
2004,12,22,3,149,6,1,56,1532
2004,12,23,4,150,6,1,56,1362
2004,12,24,5,133,7,0,52,1074
2004,12,25,6,120,72,0,16,3240
2004,12,26,7,145,7,0,86,3108
2004,12,27,1,149,1,0,50,1723
2004,12,28,2,148,1,0,27,1509
2004,12,29,3,149,0,0,22,1461
2004,12,30,4,148,1,0,26,1682
2004,12,31,5,131,0,0,13,1279
2003,1,1,3,117,0,0,7,1050
2003,1,2,4,139,1,0,20,1363
2003,1,3,5,142,0,0,22,1305
2003,1,4,6,121,2,0,7,1203
2003,1,5,7,136,0,0,24,1242
2003,1,6,1,142,4,0,12,1436
2003,1,7,2,143,0,0,4,1254
2003,1,8,3,143,0,0,8,1171
2003,1,9,4,145,3,1,9,1213
2003,1,10,5,145,0,0,3,1175
2003,1,11,6,124,0,0,4,1049
2003,1,12,7,136,1,0,15,1266
2003,1,13,1,145,1,0,5,1144
2003,1,14,2,143,2,0,5,1199
2003,1,15,3,143,2,0,7,1293
2003,1,16,4,145,2,0,18,1400
2003,1,17,5,145,0,0,15,1191
2003,1,18,6,123,1,0,4,1023
2003,1,19,7,136,1,0,8,1216
2003,1,20,1,145,1,0,5,1272
2003,1,21,2,143,2,0,6,1394
2003,1,22,3,143,1,0,16,1256
2003,1,23,4,145,0,0,13,1345
2003,1,24,5,145,1,0,4,1254
2003,1,25,6,123,1,0,1,1027
2003,1,26,7,136,0,0,10,1386
2003,1,27,1,145,3,0,4,1212
2003,1,28,2,143,1,1,9,1454
2003,1,29,3,143,2,0,15,1306
2003,1,30,4,145,2,0,9,1159
2003,1,31,5,145,1,0,15,1295
2003,2,1,6,123,1,0,3,1078
2003,2,2,7,136,1,0,7,1360
2003,2,3,1,145,1,0,9,1452
2003,2,4,2,143,1,0,5,1245
2003,2,5,3,143,0,0,8,1158
2003,2,6,4,145,1,0,16,1529
2003,2,7,5,145,2,0,32,1283
2003,2,8,6,123,0,0,9,1124
2003,2,9,7,136,2,0,16,1387
2003,2,10,1,145,3,0,30,1320
2003,2,11,2,141,1,0,2,1322
2003,2,12,3,143,0,0,9,1182
2003,2,13,4,145,0,0,11,1459
2003,2,14,5,145,0,0,26,1522
2003,2,15,6,124,0,0,17,1336
2003,2,16,7,137,7,1,34,1214
2003,2,17,1,145,17,0,10,1118
2003,2,18,2,142,5,2,21,1320
2003,2,19,3,144,0,0,13,1391
2003,2,20,4,146,2,0,23,1388
2003,2,21,5,145,9,0,65,1934
2003,2,22,6,124,2,1,17,1124
2003,2,23,7,137,1,0,25,1445
2003,2,24,1,145,2,1,6,1388
2003,2,25,2,141,4,0,12,1263
2003,2,26,3,144,4,0,30,1453
2003,2,27,4,146,0,0,26,1298
2003,2,28,5,147,1,0,22,1353
2003,3,1,6,125,0,0,11,1343
2003,3,2,7,136,0,0,16,1272
2003,3,3,1,145,1,0,18,1387
2003,3,4,2,142,1,1,8,1365
2003,3,5,3,146,0,0,24,1741
2003,3,6,4,146,1,0,32,1372
2003,3,7,5,145,0,0,12,1352
2003,3,8,6,125,0,0,13,1386
2003,3,9,7,136,0,1,23,1236
2003,3,10,1,145,0,0,15,1348
2003,3,11,2,142,1,1,11,1355
2003,3,12,3,145,0,0,9,1471
2003,3,13,4,146,0,1,41,1762
2003,3,14,5,145,0,1,27,1239
2003,3,15,6,125,0,0,15,1261
2003,3,16,7,136,0,0,18,1288
2003,3,17,1,145,0,1,18,1374
2003,3,18,2,144,3,0,25,1906
2003,3,19,3,145,4,1,14,1573
2003,3,20,4,146,2,0,30,1445
2003,3,21,5,145,0,0,17,1253
2003,3,22,6,125,0,0,7,1111
2003,3,23,7,136,0,0,13,1188
2003,3,24,1,145,0,0,7,1372
2003,3,25,2,144,2,0,4,1409
2003,3,26,3,145,1,1,7,1438
2003,3,27,4,146,0,0,14,1366
2003,3,28,5,145,1,0,6,1654
2003,3,29,6,125,0,0,6,1214
2003,3,30,7,136,0,0,16,1230
2003,3,31,1,143,0,0,4,1455
2003,4,1,2,144,0,0,5,1507
2003,4,2,3,142,0,0,3,1402
2003,4,3,4,146,0,0,8,1616
2003,4,4,5,145,1,2,15,1828
2003,4,5,6,123,1,1,9,1373
2003,4,6,7,141,1,0,20,1539
2003,4,7,1,151,5,1,33,1852
2003,4,8,2,148,0,0,58,2591
2003,4,9,3,145,0,0,12,1501
2003,4,10,4,150,0,0,15,1353
2003,4,11,5,149,0,1,11,1400
2003,4,12,6,125,0,0,8,1083
2003,4,13,7,141,0,0,3,1286
2003,4,14,1,150,0,0,4,1461
2003,4,15,2,144,1,1,6,1480
2003,4,16,3,147,0,0,5,1541
2003,4,17,4,150,1,0,6,1335
2003,4,18,5,149,0,0,6,1395
2003,4,19,6,125,1,0,5,1380
2003,4,20,7,141,0,1,8,1475
2003,4,21,1,150,0,0,12,1468
2003,4,22,2,146,1,0,3,1227
2003,4,23,3,145,0,0,11,1432
2003,4,24,4,150,2,0,18,1517
2003,4,25,5,149,0,1,17,1279
2003,4,26,6,126,1,0,8,1172
2003,4,27,7,141,0,0,5,1350
2003,4,28,1,150,2,1,11,1462
2003,4,29,2,144,0,0,1,1592
2003,4,30,3,145,1,0,15,1478
2003,5,1,4,151,1,0,25,1702
2003,5,2,5,149,0,0,7,1510
2003,5,3,6,125,2,0,4,1107
2003,5,4,7,141,0,0,10,1543
2003,5,5,1,150,0,0,15,1720
2003,5,6,2,145,0,0,15,1602
2003,5,7,3,147,1,0,11,1547
2003,5,8,4,149,1,1,9,1494
2003,5,9,5,148,0,0,16,1481
2003,5,10,6,125,0,0,7,1304
2003,5,11,7,139,0,0,21,1385
2003,5,12,1,149,1,0,14,1688
2003,5,13,2,145,1,0,8,1543
2003,5,14,3,147,1,0,7,1467
2003,5,15,4,149,1,0,9,1396
2003,5,16,5,148,2,1,20,1695
2003,5,17,6,125,0,0,6,1285
2003,5,18,7,139,0,0,13,1348
2003,5,19,1,149,0,0,13,1618
2003,5,20,2,147,2,0,13,1797
2003,5,21,3,148,0,0,12,1718
2003,5,22,4,149,0,0,10,1474
2003,5,23,5,148,0,0,11,1606
2003,5,24,6,124,0,0,2,1387
2003,5,25,7,126,1,0,8,1073
2003,5,26,1,142,1,1,18,1390
2003,5,27,2,148,1,1,17,1753
2003,5,28,3,148,2,0,11,1629
2003,5,29,4,149,0,0,5,1416
2003,5,30,5,148,2,0,8,1348
2003,5,31,6,125,0,0,11,1160
2003,6,1,7,140,0,0,10,1413
2003,6,2,1,147,2,0,13,1623
2003,6,3,2,145,1,0,26,1767
2003,6,4,3,145,1,1,15,1680
2003,6,5,4,147,1,0,38,1813
2003,6,6,5,145,1,0,14,1609
2003,6,7,6,121,1,0,11,1298
2003,6,8,7,138,1,0,21,1390
2003,6,9,1,146,1,0,15,1617
2003,6,10,2,144,2,0,11,1571
2003,6,11,3,144,1,2,32,1855
2003,6,12,4,147,3,3,35,2008
2003,6,13,5,146,3,2,47,2056
2003,6,14,6,124,3,0,17,1338
2003,6,15,7,140,0,0,25,1580
2003,6,16,1,146,1,1,33,1940
2003,6,17,2,145,0,0,10,1797
2003,6,18,3,146,2,0,18,1381
2003,6,19,4,147,3,0,32,1725
2003,6,20,5,146,1,0,23,1456
2003,6,21,6,123,0,0,10,1280
2003,6,22,7,140,0,1,25,1626
2003,6,23,1,146,0,0,10,1731
2003,6,24,2,145,0,1,11,1513
2003,6,25,3,146,0,0,22,1883
2003,6,26,4,147,0,0,26,1745
2003,6,27,5,146,1,0,24,1614
2003,6,28,6,124,0,1,14,1382
2003,6,29,7,140,0,0,15,1559
2003,6,30,1,146,7,2,19,1809
2003,7,1,2,145,6,1,15,1271
2003,7,2,3,146,0,0,15,1527
2003,7,3,4,147,2,0,34,1724
2003,7,4,5,113,1,0,15,1276
2003,7,5,6,115,0,0,7,1227
2003,7,6,7,143,1,0,17,1794
2003,7,7,1,149,1,1,47,1875
2003,7,8,2,147,4,1,31,2005
2003,7,9,3,148,2,0,26,1923
2003,7,10,4,149,1,0,23,1418
2003,7,11,5,148,2,0,23,1618
2003,7,12,6,126,1,0,10,1389
2003,7,13,7,142,0,0,8,1467
2003,7,14,1,148,1,1,10,1640
2003,7,15,2,148,1,0,23,1669
2003,7,16,3,148,0,0,11,1601
2003,7,17,4,149,1,0,14,1363
2003,7,18,5,148,3,1,20,1419
2003,7,19,6,126,0,0,8,1203
2003,7,20,7,142,1,0,5,1406
2003,7,21,1,148,3,0,24,1303
2003,7,22,2,147,6,4,21,1537
2003,7,23,3,148,0,0,29,1457
2003,7,24,4,149,0,0,17,1691
2003,7,25,5,148,0,0,14,1621
2003,7,26,6,126,0,0,16,1400
2003,7,27,7,142,1,1,14,1425
2003,7,28,1,148,0,0,9,1548
2003,7,29,2,147,1,0,10,1332
2003,7,30,3,148,2,0,13,1454
2003,7,31,4,149,1,0,25,1717
2003,8,1,5,148,1,2,25,1483
2003,8,2,6,126,1,0,22,1258
2003,8,3,7,142,4,3,19,1472
2003,8,4,1,148,1,1,22,1625
2003,8,5,2,147,2,0,19,1455
2003,8,6,3,148,1,0,13,1373
2003,8,7,4,149,1,0,16,1466
2003,8,8,5,148,0,0,16,1614
2003,8,9,6,126,0,0,15,1227
2003,8,10,7,142,1,0,16,1434
2003,8,11,1,148,3,0,22,1654
2003,8,12,2,145,4,0,10,1779
2003,8,13,3,148,3,0,16,1736
2003,8,14,4,149,2,0,8,1769
2003,8,15,5,148,3,0,13,1582
2003,8,16,6,126,0,0,10,1485
2003,8,17,7,142,0,0,8,1646
2003,8,18,1,148,0,0,13,1599
2003,8,19,2,145,1,0,8,1309
2003,8,20,3,145,2,2,10,1396
2003,8,21,4,149,4,0,17,1657
2003,8,22,5,148,0,0,23,1735
2003,8,23,6,126,1,1,9,1391
2003,8,24,7,142,0,1,9,1615
2003,8,25,1,148,3,0,10,1646
2003,8,26,2,145,11,0,26,1964
2003,8,27,3,145,4,0,15,1512
2003,8,28,4,149,2,1,14,1886
2003,8,29,5,148,0,0,20,1694
2003,8,30,6,125,0,1,7,1455
2003,8,31,7,121,0,0,4,1464
2003,9,1,1,141,0,0,10,1565
2003,9,2,2,146,1,0,13,1751
2003,9,3,3,145,1,1,6,1596
2003,9,4,4,151,1,2,20,1672
2003,9,5,5,150,2,0,16,1423
2003,9,6,6,123,1,0,3,1102
2003,9,7,7,145,0,0,12,1643
2003,9,8,1,152,1,0,1,1709
2003,9,9,2,146,0,0,5,1686
2003,9,10,3,147,1,1,15,1854
2003,9,11,4,148,7,0,30,2054
2003,9,12,5,151,1,0,36,1760
2003,9,13,6,125,1,0,17,1444
2003,9,14,7,144,0,0,23,1651
2003,9,15,1,152,0,0,14,1708
2003,9,16,2,146,2,0,7,1671
2003,9,17,3,148,0,0,12,1660
2003,9,18,4,152,6,1,18,1642
2003,9,19,5,151,3,1,8,1688
2003,9,20,6,125,0,0,1,1370
2003,9,21,7,144,1,0,31,1831
2003,9,22,1,152,0,0,25,1449
2003,9,23,2,146,2,0,12,1580
2003,9,24,3,148,1,1,10,1728
2003,9,25,4,152,0,0,13,1753
2003,9,26,5,151,1,0,13,1743
2003,9,27,6,125,1,1,9,1299
2003,9,28,7,144,0,0,11,1660
2003,9,29,1,152,1,0,4,1733
2003,9,30,2,147,0,1,9,1694
2003,10,1,3,151,1,2,7,1770
2003,10,2,4,156,0,0,6,1801
2003,10,3,5,155,2,0,13,1774
2003,10,4,6,131,2,0,8,1526
2003,10,5,7,149,0,0,14,1749
2003,10,6,1,156,1,0,8,1716
2003,10,7,2,150,0,0,7,1611
2003,10,8,3,151,1,0,5,1832
2003,10,9,4,156,2,0,24,2215
2003,10,10,5,155,1,0,26,2153
2003,10,11,6,131,1,0,11,1637
2003,10,12,7,148,0,0,8,1810
2003,10,13,1,156,0,0,4,1872
2003,10,14,2,150,0,0,17,1681
2003,10,15,3,151,1,0,11,2032
2003,10,16,4,156,2,0,12,1876
2003,10,17,5,155,2,0,16,1780
2003,10,18,6,130,1,1,15,1673
2003,10,19,7,149,0,0,10,1702
2003,10,20,1,156,0,0,5,1602
2003,10,21,2,150,1,1,5,1259
2003,10,22,3,151,1,0,8,1307
2003,10,23,4,156,0,0,4,1762
2003,10,24,5,155,2,0,22,3428
2003,10,25,6,131,0,0,6,1537
2003,10,26,7,147,1,4,34,1430
2003,10,27,1,155,1,0,23,1909
2003,10,28,2,149,0,0,9,1591
2003,10,29,3,150,0,0,11,1734
2003,10,30,4,155,0,0,7,1827
2003,10,31,5,153,1,0,8,1642
2003,11,1,6,131,0,0,8,1518
2003,11,2,7,148,1,0,19,1827
2003,11,3,1,155,1,1,13,1867
2003,11,4,2,151,2,1,12,1879
2003,11,5,3,151,0,1,18,1532
2003,11,6,4,155,0,0,26,1555
2003,11,7,5,154,1,0,23,1814
2003,11,8,6,130,0,0,6,1469
2003,11,9,7,148,0,0,9,1744
2003,11,10,1,155,1,0,12,1713
2003,11,11,2,151,1,0,8,1912
2003,11,12,3,151,0,2,26,1715
2003,11,13,4,155,0,0,23,1602
2003,11,14,5,154,0,0,11,1630
2003,11,15,6,130,0,0,6,1317
2003,11,16,7,149,0,1,32,1765
2003,11,17,1,155,6,1,46,2595
2003,11,18,2,151,0,0,37,1638
2003,11,19,3,154,0,0,11,1529
2003,11,20,4,155,2,0,17,1646
2003,11,21,5,154,0,0,12,1635
2003,11,22,6,130,0,0,9,1378
2003,11,23,7,148,0,0,21,1691
2003,11,24,1,153,1,0,18,1460
2003,11,25,2,154,1,0,7,1737
2003,11,26,3,154,0,0,8,1651
2003,11,27,4,109,0,0,26,1494
2003,11,28,5,124,0,0,15,1130
2003,11,29,6,131,0,0,8,1327
2003,11,30,7,150,0,0,8,1536
2003,12,1,1,155,2,0,15,1525
2003,12,2,2,156,0,0,11,1589
2003,12,3,3,155,1,0,6,1582
2003,12,4,4,155,0,0,16,1645
2003,12,5,5,154,1,2,45,1555
2003,12,6,6,129,6,0,20,1090
2003,12,7,7,147,2,0,10,1440
2003,12,8,1,155,0,1,7,1786
2003,12,9,2,152,1,1,24,1805
2003,12,10,3,152,3,0,25,1814
2003,12,11,4,155,1,1,19,1591
2003,12,12,5,154,2,1,20,1569
2003,12,13,6,128,32,1,42,1073
2003,12,14,7,147,2,1,23,1433
2003,12,15,1,155,2,0,17,1962
2003,12,16,2,152,1,0,14,1608
2003,12,17,3,152,1,0,26,1602
2003,12,18,4,153,3,0,19,1501
2003,12,19,5,154,1,0,27,1527
2003,12,20,6,132,0,0,14,1247
2003,12,21,7,144,0,0,10,1470
2003,12,22,1,154,1,0,6,1591
2003,12,23,2,153,2,0,13,1546
2003,12,24,3,129,2,0,6,1160
2003,12,25,4,124,1,0,1,1113
2003,12,26,5,144,1,0,17,1381
2003,12,27,6,128,0,0,13,1332
2003,12,28,7,144,0,0,25,1637
2003,12,29,1,154,1,0,31,1616
2003,12,30,2,153,1,0,21,1413
2003,12,31,3,131,0,0,5,1149
2002,1,1,2,117,0,0,17,1348
2002,1,2,3,137,6,0,60,1146
2002,1,3,4,136,3,0,25,1226
2002,1,4,5,137,3,0,11,1404
2002,1,5,6,113,0,0,27,1439
2002,1,6,7,130,0,0,27,1145
2002,1,7,1,137,0,0,12,1123
2002,1,8,2,137,0,0,8,1772
2002,1,9,3,137,0,0,5,1077
2002,1,10,4,138,0,0,6,1206
2002,1,11,5,138,0,0,10,1142
2002,1,12,6,113,0,0,10,1022
2002,1,13,7,131,0,0,10,1224
2002,1,14,1,137,1,0,9,1317
2002,1,15,2,136,0,0,6,1100
2002,1,16,3,136,4,0,7,1150
2002,1,17,4,137,0,0,11,1271
2002,1,18,5,137,0,0,30,1175
2002,1,19,6,116,1,0,19,1049
2002,1,20,7,131,0,0,9,1277
2002,1,21,1,137,1,0,23,1185
2002,1,22,2,136,1,0,13,1425
2002,1,23,3,137,1,1,5,1496
2002,1,24,4,137,1,0,32,1637
2002,1,25,5,137,2,0,11,1087
2002,1,26,6,116,0,0,2,924
2002,1,27,7,131,0,0,4,1142
2002,1,28,1,137,1,0,14,1596
2002,1,29,2,136,0,0,10,1589
2002,1,30,3,136,4,0,18,1350
2002,1,31,4,140,2,1,28,1772
2002,2,1,5,140,1,0,34,1300
2002,2,2,6,116,2,0,6,1017
2002,2,3,7,127,0,0,13,1035
2002,2,4,1,149,0,1,33,1816
2002,2,5,2,139,3,0,24,1341
2002,2,6,3,139,2,0,23,1214
2002,2,7,4,141,1,0,20,1272
2002,2,8,5,141,0,0,18,1306
2002,2,9,6,117,0,0,4,1167
2002,2,10,7,134,0,0,16,1242
2002,2,11,1,139,0,0,8,1257
2002,2,12,2,139,0,0,6,1257
2002,2,13,3,138,0,0,13,1249
2002,2,14,4,139,0,0,7,1184
2002,2,15,5,139,0,0,8,1335
2002,2,16,6,118,0,0,10,1008
2002,2,17,7,134,0,0,5,1180
2002,2,18,1,139,0,0,8,1516
2002,2,19,2,139,1,0,23,1527
2002,2,20,3,139,7,1,23,1316
2002,2,21,4,140,1,2,23,1412
2002,2,22,5,140,0,0,22,1167
2002,2,23,6,118,1,0,13,938
2002,2,24,7,134,0,0,4,1225
2002,2,25,1,139,0,0,7,1310
2002,2,26,2,139,1,0,22,1204
2002,2,27,3,139,1,0,13,1146
2002,2,28,4,140,0,1,7,1249
2002,3,1,5,140,1,0,45,1708
2002,3,2,6,118,0,1,24,1158
2002,3,3,7,135,0,0,45,1295
2002,3,4,1,140,0,0,10,1290
2002,3,5,2,139,2,0,4,1527
2002,3,6,3,141,1,2,9,1378
2002,3,7,4,141,0,0,7,1324
2002,3,8,5,141,0,0,25,1432
2002,3,9,6,118,0,0,22,1406
2002,3,10,7,136,0,0,21,1287
2002,3,11,1,140,1,0,4,1386
2002,3,12,2,139,2,0,14,1268
2002,3,13,3,141,1,0,14,1402
2002,3,14,4,141,0,0,5,1449
2002,3,15,5,141,1,0,15,1392
2002,3,16,6,118,0,0,15,1228
2002,3,17,7,136,0,0,27,1340
2002,3,18,1,140,1,0,19,1489
2002,3,19,2,139,3,1,11,1484
2002,3,20,3,141,0,0,27,1435
2002,3,21,4,141,0,0,18,1218
2002,3,22,5,141,0,0,30,1296
2002,3,23,6,118,0,1,14,1064
2002,3,24,7,136,0,0,12,1406
2002,3,25,1,140,2,0,13,1529
2002,3,26,2,139,2,0,33,1480
2002,3,27,3,141,0,0,10,1236
2002,3,28,4,141,0,0,10,1344
2002,3,29,5,141,0,0,10,1436
2002,3,30,6,118,1,0,14,1247
2002,3,31,7,136,1,0,20,1355
2002,4,1,1,138,0,0,18,1297
2002,4,2,2,138,0,0,22,1442
2002,4,3,3,140,0,0,13,1137
2002,4,4,4,140,0,0,8,1198
2002,4,5,5,140,1,0,16,1202
2002,4,6,6,117,0,0,12,1161
2002,4,7,7,136,2,0,20,1542
2002,4,8,1,141,5,0,80,1860
2002,4,9,2,141,1,0,21,1397
2002,4,10,3,140,0,0,2,1263
2002,4,11,4,141,0,0,13,1577
2002,4,12,5,141,0,0,21,1312
2002,4,13,6,118,0,0,14,1118
2002,4,14,7,137,0,1,22,1288
2002,4,15,1,141,0,0,4,1353
2002,4,16,2,141,1,1,8,1419
2002,4,17,3,140,1,0,6,1290
2002,4,18,4,141,1,0,14,1359
2002,4,19,5,141,1,0,19,1461
2002,4,20,6,118,0,0,7,1218
2002,4,21,7,137,0,2,12,1356
2002,4,22,1,141,0,1,5,1136
2002,4,23,2,141,0,0,3,1289
2002,4,24,3,140,1,0,6,1307
2002,4,25,4,141,0,1,24,1205
2002,4,26,5,141,1,0,19,1425
2002,4,27,6,118,1,1,5,1155
2002,4,28,7,137,1,1,20,1152
2002,4,29,1,141,0,0,9,1213
2002,4,30,2,141,0,0,14,1281
2002,5,1,3,139,0,0,12,1295
2002,5,2,4,142,0,0,24,1155
2002,5,3,5,141,0,1,38,1370
2002,5,4,6,118,1,0,15,1053
2002,5,5,7,137,1,0,16,1303
2002,5,6,1,141,1,0,18,1484
2002,5,7,2,141,1,1,16,1584
2002,5,8,3,140,0,0,10,1435
2002,5,9,4,141,2,0,18,1482
2002,5,10,5,141,0,0,19,1340
2002,5,11,6,118,0,0,6,1182
2002,5,12,7,136,0,0,17,1700
2002,5,13,1,141,2,0,24,1340
2002,5,14,2,141,0,0,10,1189
2002,5,15,3,140,1,0,12,1349
2002,5,16,4,141,1,0,12,1425
2002,5,17,5,141,1,1,53,1658
2002,5,18,6,118,0,0,14,1002
2002,5,19,7,136,0,0,21,1204
2002,5,20,1,141,0,0,11,1312
2002,5,21,2,141,0,0,6,1295
2002,5,22,3,140,0,0,10,1340
2002,5,23,4,141,0,0,10,1502
2002,5,24,5,141,0,1,13,1470
2002,5,25,6,118,0,0,11,1239
2002,5,26,7,118,0,0,3,1158
2002,5,27,1,133,0,0,14,1179
2002,5,28,2,141,2,1,10,1208
2002,5,29,3,140,0,0,25,1456
2002,5,30,4,141,0,1,31,1481
2002,5,31,5,141,1,0,18,1463
2002,6,1,6,116,1,0,12,1006
2002,6,2,7,137,0,0,15,1368
2002,6,3,1,141,2,0,11,1356
2002,6,4,2,141,1,0,24,1545
2002,6,5,3,140,2,0,15,1456
2002,6,6,4,141,3,0,22,1507
2002,6,7,5,141,0,1,16,1387
2002,6,8,6,118,0,0,12,1188
2002,6,9,7,136,1,0,28,1436
2002,6,10,1,141,1,0,11,1389
2002,6,11,2,141,2,1,13,1425
2002,6,12,3,140,1,1,15,1288
2002,6,13,4,141,3,0,20,1291
2002,6,14,5,141,0,0,27,1284
2002,6,15,6,124,0,0,11,1115
2002,6,16,7,135,0,0,33,1280
2002,6,17,1,140,2,1,23,1220
2002,6,18,2,139,1,0,14,1442
2002,6,19,3,140,1,0,27,1385
2002,6,20,4,140,0,0,40,1393
2002,6,21,5,140,1,1,18,1277
2002,6,22,6,125,1,0,24,1123
2002,6,23,7,135,0,1,30,1372
2002,6,24,1,140,1,1,27,1553
2002,6,25,2,139,0,0,38,1641
2002,6,26,3,140,3,0,51,2301
2002,6,27,4,140,2,1,36,1542
2002,6,28,5,140,0,0,28,1477
2002,6,29,6,125,2,0,32,1274
2002,6,30,7,135,0,0,20,1287
2002,7,1,1,140,3,0,17,1439
2002,7,2,2,138,1,1,35,1482
2002,7,3,3,140,0,0,36,1485
2002,7,4,4,122,1,0,8,1045
2002,7,5,5,117,1,0,4,989
2002,7,6,6,125,0,0,17,1209
2002,7,7,7,136,0,0,26,1429
2002,7,8,1,139,0,0,27,1535
2002,7,9,2,138,1,0,19,1458
2002,7,10,3,139,2,0,21,1218
2002,7,11,4,139,1,3,26,1436
2002,7,12,5,139,3,0,33,1362
2002,7,13,6,124,4,2,30,1215
2002,7,14,7,134,3,0,37,1370
2002,7,15,1,139,0,0,20,1304
2002,7,16,2,138,2,0,19,1373
2002,7,17,3,139,1,0,23,1248
2002,7,18,4,139,0,0,15,1322
2002,7,19,5,139,0,1,25,1283
2002,7,20,6,124,1,0,16,1090
2002,7,21,7,134,0,0,32,1613
2002,7,22,1,140,2,2,23,1346
2002,7,23,2,138,2,1,14,1437
2002,7,24,3,139,1,0,13,1246
2002,7,25,4,139,0,0,18,1342
2002,7,26,5,139,0,0,35,1419
2002,7,27,6,124,1,0,14,1102
2002,7,28,7,134,0,0,20,1298
2002,7,29,1,139,2,0,14,1330
2002,7,30,2,138,1,1,12,1503
2002,7,31,3,139,1,0,9,1214
2002,8,1,4,139,1,0,16,1268
2002,8,2,5,139,0,1,20,1340
2002,8,3,6,124,0,1,15,1439
2002,8,4,7,134,0,0,24,1276
2002,8,5,1,139,3,0,10,1211
2002,8,6,2,138,2,0,11,1480
2002,8,7,3,139,0,0,10,1314
2002,8,8,4,139,0,0,15,1416
2002,8,9,5,139,1,0,14,1739
2002,8,10,6,124,1,0,19,1253
2002,8,11,7,134,0,0,24,1549
2002,8,12,1,139,1,0,26,1740
2002,8,13,2,138,3,0,29,1578
2002,8,14,3,139,2,0,28,1395
2002,8,15,4,139,4,0,39,1347
2002,8,16,5,139,0,1,27,1462
2002,8,17,6,124,2,0,16,1203
2002,8,18,7,134,1,0,19,1331
2002,8,19,1,139,2,0,25,1293
2002,8,20,2,138,1,0,12,1269
2002,8,21,3,139,0,1,9,1468
2002,8,22,4,139,4,0,21,1497
2002,8,23,5,139,3,0,17,1283
2002,8,24,6,124,1,0,9,1090
2002,8,25,7,134,2,0,14,1137
2002,8,26,1,138,1,1,14,1311
2002,8,27,2,138,1,1,12,1350
2002,8,28,3,139,2,0,8,1189
2002,8,29,4,138,0,1,22,1296
2002,8,30,5,139,0,0,24,1297
2002,8,31,6,117,0,0,6,1063
2002,9,1,7,110,0,1,6,1033
2002,9,2,1,131,0,0,14,1463
2002,9,3,2,138,2,0,7,1359
2002,9,4,3,139,1,0,7,1346
2002,9,5,4,139,1,0,3,1190
2002,9,6,5,140,4,0,7,1350
2002,9,7,6,122,1,0,7,1303
2002,9,8,7,137,0,0,14,1381
2002,9,9,1,139,2,0,9,1203
2002,9,10,2,127,1,0,5,1101
2002,9,11,3,124,4,0,13,914
2002,9,12,4,136,1,0,14,1153
2002,9,13,5,141,0,0,16,1242
2002,9,14,6,123,2,0,13,1019
2002,9,15,7,138,1,0,13,1267
2002,9,16,1,141,0,0,6,1313
2002,9,17,2,140,2,0,13,1428
2002,9,18,3,141,2,0,6,1441
2002,9,19,4,141,3,1,38,1663
2002,9,20,5,141,2,1,17,1362
2002,9,21,6,123,0,0,5,1226
2002,9,22,7,138,2,0,14,1378
2002,9,23,1,141,0,1,6,1320
2002,9,24,2,140,0,0,19,1443
2002,9,25,3,141,33,0,11,1174
2002,9,26,4,141,58,0,14,702
2002,9,27,5,141,0,0,7,1273
2002,9,28,6,123,1,0,3,1054
2002,9,29,7,137,0,0,8,1219
2002,9,30,1,141,2,0,6,1244
2002,10,1,2,142,1,0,6,1239
2002,10,2,3,143,1,0,11,1465
2002,10,3,4,143,124,0,1,183
2002,10,4,5,143,0,0,12,1434
2002,10,5,6,125,1,0,5,1117
2002,10,6,7,137,1,0,14,1326
2002,10,7,1,141,2,1,17,1290
2002,10,8,2,140,0,0,6,1343
2002,10,9,3,141,1,0,16,1493
2002,10,10,4,141,1,0,24,1533
2002,10,11,5,141,0,0,34,1353
2002,10,12,6,123,1,0,10,1235
2002,10,13,7,138,0,0,18,1261
2002,10,14,1,141,0,0,9,1265
2002,10,15,2,140,2,0,18,1355
2002,10,16,3,141,1,0,14,1272
2002,10,17,4,141,1,0,13,1240
2002,10,18,5,141,0,0,39,1427
2002,10,19,6,123,0,0,14,1181
2002,10,20,7,138,0,0,17,1290
2002,10,21,1,141,1,0,12,1384
2002,10,22,2,140,2,0,29,1420
2002,10,23,3,141,0,0,12,1568
2002,10,24,4,141,1,0,37,1363
2002,10,25,5,141,0,0,30,2014
2002,10,26,6,121,0,0,16,1109
2002,10,27,7,137,0,0,18,1462
2002,10,28,1,141,4,0,25,1400
2002,10,29,2,140,3,0,14,1515
2002,10,30,3,141,1,0,9,1153
2002,10,31,4,140,0,0,9,1146
2002,11,1,5,141,0,0,11,1200
2002,11,2,6,120,0,0,3,1022
2002,11,3,7,135,0,0,23,1439
2002,11,4,1,141,0,0,9,1387
2002,11,5,2,139,2,0,22,1369
2002,11,6,3,141,0,0,16,1261
2002,11,7,4,141,0,0,6,1359
2002,11,8,5,141,0,1,16,1379
2002,11,9,6,120,1,0,3,1206
2002,11,10,7,135,0,2,19,1228
2002,11,11,1,141,2,0,22,1496
2002,11,12,2,138,0,0,20,1218
2002,11,13,3,141,1,0,6,1223
2002,11,14,4,141,0,0,4,1260
2002,11,15,5,141,0,0,16,1269
2002,11,16,6,120,0,0,12,1173
2002,11,17,7,135,0,0,12,1190
2002,11,18,1,141,1,0,8,1352
2002,11,19,2,138,0,0,4,1212
2002,11,20,3,141,0,0,15,1412
2002,11,21,4,141,0,0,15,1260
2002,11,22,5,141,0,0,14,1347
2002,11,23,6,120,0,0,5,1240
2002,11,24,7,135,0,0,3,1311
2002,11,25,1,141,0,0,2,1428
2002,11,26,2,141,0,0,17,1388
2002,11,27,3,141,1,0,14,1199
2002,11,28,4,99,0,0,0,816
2002,11,29,5,112,0,0,4,934
2002,11,30,6,117,0,0,16,1105
2002,12,1,7,135,0,0,10,1386
2002,12,2,1,140,2,1,14,1437
2002,12,3,2,136,0,1,30,1548
2002,12,4,3,139,1,0,24,1350
2002,12,5,4,140,7,0,31,1134
2002,12,6,5,140,2,0,20,1282
2002,12,7,6,118,1,0,5,1035
2002,12,8,7,134,1,0,12,1184
2002,12,9,1,140,0,0,7,1102
2002,12,10,2,137,1,0,10,1236
2002,12,11,3,139,3,1,14,1240
2002,12,12,4,137,0,0,31,1622
2002,12,13,5,138,1,0,18,1342
2002,12,14,6,117,4,0,7,1005
2002,12,15,7,131,0,0,6,1246
2002,12,16,1,138,2,0,8,1271
2002,12,17,2,135,0,0,7,1369
2002,12,18,3,136,1,0,16,1479
2002,12,19,4,137,0,0,46,1514
2002,12,20,5,137,0,1,27,1199
2002,12,21,6,116,1,0,14,1199
2002,12,22,7,130,0,0,12,1212
2002,12,23,1,135,3,0,39,1467
2002,12,24,2,106,2,1,8,908
2002,12,25,3,107,2,2,13,939
2002,12,26,4,137,0,0,32,1219
2002,12,27,5,137,1,0,17,1314
2002,12,28,6,116,0,1,10,1082
2002,12,29,7,130,0,0,12,1234
2002,12,30,1,136,2,1,33,1604
2002,12,31,2,113,1,0,13,1098
